,Grid Coordinates,1985,1986,1987,1988,1989,1990,1991,1992,1993,1994,1995,1996,1997,1998,1999,2000,2001,2002,2003,2004,2005,2006,2007,2008,2009,2010,2011,2012,2013,2014
0,"(8.5, 73.5)",181,222,231,205,209,223,190,199,198,214,240,166,205,200,189,325,213,164,198,277,251,193,214,210,198,242,244,230,191,128
1,"(8.5, 76.5)",182,223,231,226,198,307,190,319,315,214,241,166,312,309,289,363,214,323,313,126,329,268,174,82,101,233,365,306,163,332
2,"(8.5, 77.5)",317,10,341,314,198,307,190,319,357,316,310,346,312,309,289,363,288,323,313,306,329,301,353,329,101,331,365,306,163,332
3,"(8.5, 78.5)",315,10,341,314,347,7,18,319,357,315,20,346,312,309,2,363,357,33,313,306,329,14,353,331,311,337,331,305,338,332
4,"(9.5, 76.5)",182,223,231,205,209,307,190,319,315,214,240,166,312,308,289,363,214,229,198,306,329,147,173,82,198,233,365,306,163,332
5,"(9.5, 77.5)",315,10,341,314,198,307,302,319,315,316,310,346,312,309,289,363,288,323,313,306,329,322,353,329,311,331,365,306,163,332
6,"(9.5, 78.5)",314,10,341,314,320,7,19,319,357,315,20,345,311,309,326,363,357,33,313,311,329,6,353,331,356,337,305,305,338,332
7,"(9.5, 79.5)",315,12,341,314,320,7,319,343,354,315,311,345,311,309,326,363,358,33,340,311,345,6,353,331,349,335,305,305,338,332
8,"(10.5, 75.5)",182,180,231,231,209,164,190,320,314,209,240,168,220,180,199,239,214,229,173,217,214,194,173,183,275,242,365,306,200,128
9,"(10.5, 76.5)",182,180,341,231,209,8,190,320,314,212,240,169,220,180,199,363,214,229,198,217,329,322,353,82,312,233,365,305,200,128
10,"(10.5, 77.5)",313,12,341,314,339,8,320,319,313,315,20,345,313,308,326,363,358,305,313,311,329,312,353,331,312,335,365,305,347,332
11,"(10.5, 78.5)",314,12,341,314,354,8,319,319,357,315,310,345,312,309,326,363,358,305,313,311,329,6,353,331,350,335,305,305,320,332
12,"(10.5, 79.5)",314,12,340,314,320,7,319,343,357,315,310,345,311,308,326,363,358,33,313,311,313,6,353,331,350,338,357,305,320,332
13,"(11.5, 72.5)",203,217,227,231,229,223,214,204,207,209,243,168,182,210,203,238,214,287,173,217,173,258,214,227,275,238,244,239,169,195
14,"(11.5, 75.5)",214,180,231,231,205,164,189,321,207,195,240,167,220,180,203,237,214,287,173,218,173,259,173,210,275,237,365,306,200,194
15,"(11.5, 76.5)",182,180,358,231,209,7,303,320,314,209,240,168,220,308,203,237,216,287,198,218,329,151,353,210,312,311,365,305,200,332
16,"(11.5, 77.5)",315,180,341,314,204,8,320,319,339,315,20,346,313,308,326,364,358,34,313,311,329,312,354,331,312,311,365,305,320,332
17,"(11.5, 78.5)",314,13,340,314,354,331,320,319,357,315,19,345,341,308,326,364,358,305,313,311,329,6,353,332,350,311,364,305,320,332
18,"(11.5, 79.5)",314,13,340,314,354,7,302,320,357,315,19,346,341,308,326,364,358,34,313,311,313,6,354,331,351,311,364,305,320,332
19,"(12.5, 74.5)",214,225,227,231,229,223,189,204,207,195,243,197,182,180,203,190,215,287,173,218,206,258,214,226,189,237,214,170,200,194
20,"(12.5, 75.5)",180,226,231,231,205,227,303,204,207,195,243,167,239,180,203,190,215,222,173,218,206,258,173,227,274,237,215,306,200,194
21,"(12.5, 76.5)",215,226,344,201,204,8,303,322,314,306,193,346,341,345,327,336,291,224,294,218,328,259,353,332,312,311,365,306,200,191
22,"(12.5, 77.5)",318,15,341,313,204,8,320,319,339,310,20,346,341,345,327,365,358,34,294,311,328,322,353,332,312,311,365,305,320,332
23,"(12.5, 78.5)",318,14,341,313,318,306,320,320,339,310,20,346,341,345,327,365,358,305,294,311,328,345,353,332,351,311,364,305,320,332
24,"(12.5, 79.5)",318,14,339,313,317,306,319,320,355,357,19,346,341,345,327,365,358,305,349,311,301,302,353,332,351,340,364,305,320,332
25,"(12.5, 80.5)",318,17,304,313,317,306,319,320,355,357,19,346,341,344,326,56,358,305,349,311,311,302,353,331,351,340,364,305,320,332
26,"(13.5, 74.5)",214,226,227,231,231,227,192,204,207,181,243,197,182,257,205,190,215,222,187,218,206,258,217,227,274,238,166,306,200,241
27,"(13.5, 75.5)",214,225,227,201,231,227,198,204,207,195,201,277,185,181,203,190,216,222,197,218,206,258,261,223,274,237,215,306,200,240
28,"(13.5, 76.5)",215,15,344,201,204,227,303,321,314,197,201,346,235,345,327,336,216,222,294,218,328,209,353,333,274,312,330,306,200,240
29,"(13.5, 77.5)",318,15,343,348,198,8,320,321,339,310,20,346,341,345,327,365,358,306,294,312,328,322,353,332,312,311,364,306,320,317
30,"(13.5, 78.5)",318,14,343,313,198,306,320,320,339,310,20,346,341,345,327,365,358,306,294,312,301,302,353,332,312,340,364,305,320,332
31,"(13.5, 79.5)",318,14,343,313,317,306,319,320,355,357,19,348,341,345,357,365,358,306,349,312,301,301,353,332,351,340,364,305,320,332
32,"(13.5, 80.5)",318,14,339,313,317,306,319,322,355,357,19,348,341,344,327,335,358,314,349,312,301,301,353,332,351,340,364,305,320,332
33,"(14.5, 74.5)",178,225,227,244,205,227,191,204,245,182,292,277,182,211,205,191,216,222,182,217,206,221,216,223,274,238,166,306,193,240
34,"(14.5, 75.5)",214,225,227,244,205,227,198,323,245,195,201,277,213,210,205,191,216,222,188,217,206,217,262,223,274,312,166,306,193,240
35,"(14.5, 76.5)",214,15,349,201,205,227,321,322,315,195,201,293,213,345,327,195,216,222,235,217,264,209,261,223,274,312,239,306,228,240
36,"(14.5, 77.5)",318,15,343,348,198,227,321,322,339,306,242,349,11,345,327,336,291,306,295,255,328,2,353,333,274,341,331,306,228,347
37,"(14.5, 78.5)",318,15,343,313,317,306,320,322,315,310,18,349,11,345,327,365,358,306,295,312,301,302,353,333,312,340,364,306,295,317
38,"(14.5, 79.5)",318,17,343,313,317,306,320,322,355,305,18,348,11,345,327,236,357,306,350,312,301,302,353,332,351,340,364,306,320,332
39,"(14.5, 80.5)",318,17,343,348,317,319,320,322,355,305,18,348,10,311,356,236,357,306,350,312,301,301,353,332,351,340,364,306,295,362
40,"(15.5, 73.5)",201,225,233,231,205,229,191,246,245,182,285,277,213,211,205,191,216,222,182,255,208,276,262,224,276,238,195,170,204,240
41,"(15.5, 74.5)",201,226,233,244,205,227,198,204,245,182,285,277,213,211,205,191,216,222,182,255,208,221,262,223,276,238,195,170,193,240
42,"(15.5, 75.5)",214,226,319,349,205,227,198,323,215,195,201,277,213,210,205,224,216,222,235,255,208,217,262,223,273,206,195,306,193,240
43,"(15.5, 76.5)",214,16,319,349,205,227,321,323,342,307,18,294,11,288,327,224,216,222,235,255,264,209,261,321,273,341,239,306,192,298
44,"(15.5, 77.5)",349,16,318,349,205,227,321,322,315,307,18,294,11,345,327,224,280,222,235,255,264,307,261,333,273,341,331,306,228,299
45,"(15.5, 78.5)",349,16,318,349,204,227,321,322,315,306,18,349,11,345,327,236,280,222,360,255,264,307,353,333,351,341,331,306,192,299
46,"(15.5, 79.5)",349,16,318,348,204,227,321,322,340,306,18,294,10,304,238,236,357,8,360,312,301,301,353,333,351,341,331,306,192,299
47,"(15.5, 80.5)",349,16,318,348,204,227,321,321,340,306,18,340,10,304,281,224,357,306,350,312,301,301,353,222,351,340,5,306,295,67
48,"(16.5, 73.5)",201,225,233,232,205,229,198,246,245,182,245,205,213,211,205,225,216,222,182,255,266,221,262,224,189,243,195,170,204,240
49,"(16.5, 74.5)",201,225,233,232,205,229,198,246,215,195,245,205,213,211,203,225,216,222,182,255,208,221,262,224,276,206,195,170,204,240
50,"(16.5, 75.5)",212,16,319,349,205,227,198,323,342,195,18,205,213,211,222,195,216,222,236,255,208,218,181,223,276,183,239,306,204,240
51,"(16.5, 76.5)",227,16,319,349,205,227,321,323,342,307,18,241,11,211,253,224,216,222,236,255,264,218,261,333,273,341,239,306,193,299
52,"(16.5, 77.5)",227,16,318,349,205,227,321,323,341,307,18,294,11,288,253,224,216,222,236,255,264,216,261,333,273,341,194,306,193,299
53,"(16.5, 78.5)",2,16,318,349,205,227,321,323,341,307,18,241,11,211,253,224,3,222,361,255,264,216,260,222,245,341,194,306,193,299
54,"(16.5, 79.5)",349,16,318,349,204,227,321,322,340,306,18,294,11,304,281,224,357,8,361,255,264,301,260,333,351,341,194,306,192,299
55,"(16.5, 80.5)",349,16,318,348,204,227,321,323,340,306,18,340,10,304,281,224,357,8,350,312,264,215,303,222,351,341,194,306,192,67
56,"(16.5, 81.5)",3,16,317,211,204,297,321,321,340,306,18,340,10,304,281,224,357,7,350,312,264,215,303,222,351,340,6,11,296,67
57,"(16.5, 82.5)",3,16,317,211,204,297,321,321,340,307,18,340,10,304,281,224,357,7,350,7,263,215,303,222,108,340,5,11,296,67
58,"(17.5, 73.5)",199,225,233,209,206,229,209,246,245,245,8,205,343,211,222,224,191,222,236,255,214,219,181,224,315,243,241,248,204,204
59,"(17.5, 74.5)",199,226,233,349,225,229,199,246,342,195,8,205,343,211,222,195,216,222,236,255,32,219,181,208,315,243,239,247,204,204
60,"(17.5, 75.5)",198,16,345,349,205,229,4,323,342,225,18,205,343,211,222,195,216,222,236,255,32,218,181,217,315,243,239,306,204,299
61,"(17.5, 76.5)",198,16,318,349,205,228,4,323,341,308,18,241,343,211,253,224,216,222,236,212,32,218,181,222,313,341,238,306,204,299
62,"(17.5, 77.5)",2,16,318,349,205,228,321,323,341,307,18,241,11,305,252,224,216,222,236,212,32,218,260,333,245,341,238,306,200,299
63,"(17.5, 78.5)",2,16,318,349,180,228,321,323,341,307,18,241,11,305,216,224,3,236,236,212,264,216,304,222,364,341,194,307,200,299
64,"(17.5, 79.5)",2,16,318,349,180,228,321,324,341,307,18,241,11,304,216,224,3,221,361,212,264,216,260,222,232,341,194,307,192,299
65,"(17.5, 80.5)",349,16,318,212,235,227,321,323,340,306,18,340,10,304,281,224,357,7,361,7,264,215,178,222,190,341,194,307,192,299
66,"(17.5, 81.5)",3,16,317,211,204,227,321,323,340,307,18,340,10,304,169,194,357,7,350,7,263,215,303,222,190,341,6,11,192,299
67,"(17.5, 82.5)",3,16,317,211,204,227,321,323,340,307,18,340,9,320,169,194,357,7,350,7,263,215,352,222,190,340,5,11,296,365
68,"(17.5, 83.5)",3,17,309,211,364,297,321,3,360,307,18,340,9,320,13,194,357,8,350,6,353,215,352,320,190,340,5,11,296,365
69,"(18.5, 72.5)",215,225,233,273,225,229,3,246,214,244,10,243,21,211,218,225,1,28,1,218,32,220,220,40,315,243,241,255,214,204
70,"(18.5, 73.5)",199,200,233,209,225,229,361,246,214,244,10,243,343,211,218,195,1,220,1,218,32,220,220,40,315,243,239,255,204,204
71,"(18.5, 74.5)",199,226,233,209,225,229,4,246,341,186,8,205,343,211,222,195,1,221,236,212,32,219,220,40,315,243,239,249,204,204
72,"(18.5, 75.5)",199,363,352,349,225,229,4,323,342,225,18,205,343,211,222,224,1,237,236,212,32,218,220,218,314,243,238,249,212,299
73,"(18.5, 76.5)",198,16,319,349,363,242,4,324,341,308,18,241,343,305,252,224,3,237,236,212,32,218,341,222,314,206,238,247,212,299
74,"(18.5, 77.5)",2,16,318,349,180,242,4,324,341,307,18,241,343,305,252,224,3,236,236,212,32,217,181,222,364,341,238,307,212,299
75,"(18.5, 78.5)",2,16,318,349,363,242,4,324,341,307,18,241,11,305,216,224,3,236,362,212,32,217,181,222,363,206,238,307,212,299
76,"(18.5, 79.5)",2,16,318,349,363,242,321,323,341,307,18,241,11,305,216,224,233,236,362,7,32,216,219,223,364,341,238,307,212,299
77,"(18.5, 80.5)",2,16,318,212,363,1,321,323,340,307,18,204,10,304,216,195,233,7,362,7,263,215,218,222,232,341,194,308,192,299
78,"(18.5, 81.5)",2,16,317,211,180,1,321,323,340,307,18,340,10,304,169,194,357,7,351,7,263,215,180,222,363,341,6,11,296,299
79,"(18.5, 82.5)",3,17,309,211,364,241,321,2,354,307,9,340,9,320,169,194,315,7,350,7,349,215,180,320,363,340,5,11,296,365
80,"(18.5, 83.5)",3,17,309,6,364,308,321,2,354,307,9,340,9,38,13,57,315,8,350,26,356,215,352,320,357,340,5,11,296,365
81,"(18.5, 84.5)",3,17,309,335,364,307,5,2,358,307,9,340,9,38,13,51,315,8,350,26,356,304,352,27,357,340,5,11,9,365
82,"(19.5, 72.5)",199,200,347,209,361,229,3,247,198,240,10,243,21,19,8,225,1,28,1,218,32,220,220,40,315,219,239,19,214,11
83,"(19.5, 73.5)",199,200,347,209,225,229,3,246,214,203,10,243,21,19,8,225,1,238,1,218,32,220,220,39,315,219,239,19,214,204
84,"(19.5, 74.5)",199,362,347,209,225,229,4,1,341,203,10,243,343,223,8,225,1,238,1,209,32,220,220,39,315,219,239,249,213,204
85,"(19.5, 75.5)",199,362,348,349,361,229,4,2,342,243,18,210,343,349,222,195,1,237,236,213,32,218,189,39,315,219,239,19,212,204
86,"(19.5, 76.5)",199,362,348,349,225,242,4,234,341,243,18,241,343,2,252,201,2,177,236,213,32,218,189,218,314,219,238,249,212,299
87,"(19.5, 77.5)",198,362,348,349,363,242,4,324,341,243,18,241,343,305,215,201,2,177,236,213,32,217,219,218,364,219,238,204,212,299
88,"(19.5, 78.5)",198,16,352,349,363,299,4,234,341,193,18,241,343,305,221,201,2,177,362,7,32,217,219,222,364,206,238,218,212,299
89,"(19.5, 79.5)",2,16,352,349,363,1,4,234,341,307,18,349,23,1,221,201,2,7,362,7,32,210,219,222,203,341,6,218,176,299
90,"(19.5, 80.5)",2,16,352,335,363,1,4,234,340,307,18,204,10,1,221,201,2,7,362,7,32,70,219,222,364,341,7,10,212,299
91,"(19.5, 81.5)",2,17,352,335,363,1,4,2,354,307,18,340,344,304,11,201,2,7,351,7,32,215,180,222,364,341,6,218,212,362
92,"(19.5, 82.5)",3,17,309,6,363,308,321,2,360,307,9,340,9,38,13,194,315,7,350,7,356,210,180,27,364,340,5,11,298,365
93,"(19.5, 83.5)",3,17,309,6,364,307,321,2,354,307,9,340,9,38,12,51,315,8,350,26,356,25,352,27,357,340,5,11,296,365
94,"(19.5, 84.5)",3,17,309,335,364,307,5,2,358,307,9,339,344,38,12,51,315,29,350,26,356,25,352,26,357,340,5,11,9,365
95,"(19.5, 85.5)",3,17,350,335,364,307,5,2,358,307,9,339,351,38,12,333,315,30,350,26,356,25,351,26,357,340,5,11,9,365
96,"(20.5, 70.5)",3,353,346,361,9,365,1,12,21,16,10,18,21,18,8,16,3,28,1,24,51,4,349,38,8,327,1,39,365,11
97,"(20.5, 71.5)",3,353,346,361,9,365,3,12,21,16,10,18,22,18,8,16,1,28,1,24,51,4,6,39,316,328,1,39,18,11
98,"(20.5, 72.5)",3,353,347,210,9,365,3,1,199,16,10,18,21,18,8,196,1,28,1,213,51,220,220,39,315,365,1,39,18,11
99,"(20.5, 73.5)",213,362,347,210,361,365,3,1,198,203,13,243,21,19,8,196,1,29,1,213,32,220,220,39,315,219,239,39,214,11
100,"(20.5, 74.5)",212,362,347,209,361,229,4,2,198,203,14,243,343,1,8,196,1,244,1,213,32,220,220,39,315,219,239,19,213,204
101,"(20.5, 75.5)",212,362,348,209,361,206,4,2,342,239,14,210,343,1,222,201,1,177,2,209,32,218,189,39,315,219,1,20,237,204
102,"(20.5, 76.5)",199,362,348,209,361,300,4,234,342,239,14,222,343,1,222,201,1,177,364,213,32,218,189,26,314,219,1,11,237,204
103,"(20.5, 77.5)",221,362,348,209,363,300,4,234,341,239,12,222,343,2,222,201,2,177,364,7,32,243,189,26,314,219,1,20,237,204
104,"(20.5, 78.5)",221,362,15,349,365,300,4,234,363,21,12,349,352,1,221,56,2,7,362,7,32,70,189,40,364,342,1,13,7,351
105,"(20.5, 79.5)",2,362,15,335,365,300,4,3,363,21,12,338,23,1,10,56,2,7,362,7,32,70,45,32,364,342,5,30,7,351
106,"(20.5, 80.5)",2,362,348,335,361,345,4,2,340,21,12,3,23,1,11,56,2,7,362,7,32,70,45,40,364,341,5,10,7,362
107,"(20.5, 81.5)",2,17,13,335,363,345,4,2,363,17,12,340,344,1,11,56,2,7,363,30,32,70,45,26,364,340,5,10,8,362
108,"(20.5, 82.5)",2,17,13,335,361,345,4,3,363,358,12,366,352,22,11,56,2,29,350,27,32,26,45,27,364,340,5,11,9,365
109,"(20.5, 83.5)",2,17,13,335,362,352,17,1,360,307,9,339,344,38,11,51,315,30,350,7,356,25,45,27,364,340,5,10,9,365
110,"(20.5, 84.5)",2,17,309,335,364,307,17,2,358,307,9,339,351,38,11,333,315,30,350,26,356,25,352,26,357,340,5,10,9,365
111,"(20.5, 85.5)",3,17,350,335,363,307,20,2,21,33,12,20,351,38,11,333,7,29,350,26,356,25,17,26,357,340,5,10,9,365
112,"(20.5, 86.5)",3,16,350,335,14,4,15,2,21,18,13,20,22,22,12,333,6,30,350,26,356,25,44,26,357,340,5,10,8,365
113,"(21.5, 69.5)",3,350,346,363,9,365,1,12,21,13,10,16,365,1,7,16,3,21,363,24,51,4,349,38,8,327,15,39,365,11
114,"(21.5, 70.5)",3,350,346,363,9,365,1,12,21,13,10,16,365,1,7,16,3,28,363,24,51,4,349,38,8,327,15,39,365,11
115,"(21.5, 71.5)",2,353,346,363,9,365,1,12,21,16,10,16,9,18,8,16,3,28,1,24,51,4,349,38,316,327,1,39,18,11
116,"(21.5, 72.5)",2,353,347,362,9,365,1,12,199,16,12,16,9,18,8,17,1,28,1,24,51,4,5,38,315,328,1,39,18,11
117,"(21.5, 73.5)",2,362,347,362,9,365,1,2,198,12,13,17,9,1,8,17,1,29,2,213,32,210,349,39,315,365,1,39,18,11
118,"(21.5, 74.5)",199,362,347,362,361,365,3,2,218,16,13,210,9,1,8,196,1,29,2,213,32,220,349,38,315,365,1,20,213,251
119,"(21.5, 75.5)",221,362,348,363,361,365,3,2,218,16,13,210,352,1,8,201,1,31,2,237,32,210,349,39,315,365,1,20,237,351
120,"(21.5, 76.5)",221,362,348,363,361,1,4,2,218,17,13,210,352,2,36,201,1,31,2,7,32,25,189,40,320,365,1,20,7,204
121,"(21.5, 77.5)",4,362,15,363,361,300,4,2,363,17,13,222,352,1,9,56,2,29,363,7,32,25,189,40,321,14,5,20,7,351
122,"(21.5, 78.5)",4,362,15,363,365,300,4,3,363,21,12,2,352,1,10,56,2,232,363,7,32,70,349,40,321,14,5,20,7,351
123,"(21.5, 79.5)",4,362,15,335,365,300,4,3,363,21,12,2,352,1,10,56,2,29,363,7,32,70,45,31,321,14,5,20,7,351
124,"(21.5, 80.5)",2,362,15,363,361,345,4,3,363,21,12,3,352,1,10,56,2,31,363,7,32,70,45,32,364,341,5,13,7,351
125,"(21.5, 81.5)",2,360,12,365,365,345,4,3,21,21,12,3,352,1,10,56,2,31,363,7,32,70,45,26,364,340,5,10,7,362
126,"(21.5, 82.5)",2,363,12,365,361,345,4,3,15,17,9,3,23,21,11,30,3,29,363,27,32,70,45,26,364,341,5,10,7,365
127,"(21.5, 83.5)",2,363,12,365,361,345,17,1,15,17,9,339,348,21,11,45,3,29,364,27,32,26,44,26,364,340,5,10,8,365
128,"(21.5, 84.5)",2,363,23,335,363,352,365,1,360,17,9,20,348,21,11,45,3,30,350,26,356,25,44,26,357,340,5,10,9,365
129,"(21.5, 85.5)",2,363,23,335,361,352,15,2,21,33,9,20,348,21,11,44,7,29,350,26,356,25,44,26,357,342,5,10,8,365
130,"(21.5, 86.5)",2,363,23,335,361,4,15,2,21,33,10,20,349,21,12,44,6,30,363,5,356,25,44,26,357,342,5,10,8,365
131,"(21.5, 87.5)",2,16,23,335,361,4,5,2,21,34,10,20,357,22,12,5,6,30,363,6,356,10,44,26,6,342,5,10,8,365
132,"(21.5, 88.5)",47,16,23,335,361,4,5,1,22,34,10,20,357,22,12,2,6,30,363,6,356,10,44,25,6,342,11,10,8,365
133,"(22.5, 69.5)",3,350,346,363,8,365,1,12,21,13,17,16,365,1,7,16,3,42,363,24,51,4,349,37,8,327,15,39,365,11
134,"(22.5, 70.5)",3,350,346,363,8,365,1,12,21,13,12,16,365,1,7,16,3,42,363,24,51,4,349,37,8,327,15,39,365,11
135,"(22.5, 71.5)",2,350,346,363,9,365,1,12,17,13,12,16,9,1,8,17,3,28,1,24,51,4,349,38,8,327,1,39,18,11
136,"(22.5, 72.5)",2,349,347,362,9,365,1,12,199,16,12,16,9,1,8,17,1,43,1,33,51,4,349,38,316,327,1,39,18,11
137,"(22.5, 73.5)",2,349,347,362,9,365,1,2,19,16,13,17,9,1,8,17,1,43,1,34,2,4,349,38,316,365,1,39,18,11
138,"(22.5, 74.5)",2,362,347,363,9,365,1,2,218,16,13,18,9,1,8,17,1,31,2,6,32,24,349,38,315,365,1,20,19,11
139,"(22.5, 75.5)",3,362,13,363,10,365,3,2,218,16,13,4,352,2,36,17,1,43,2,7,32,25,349,38,315,15,1,20,20,365
140,"(22.5, 76.5)",3,362,13,363,361,1,3,2,363,17,13,3,352,2,36,55,1,29,2,7,32,25,349,40,8,14,1,20,7,351
141,"(22.5, 77.5)",4,362,13,363,361,1,3,2,363,17,13,3,352,1,36,55,1,29,363,7,32,25,349,40,8,14,1,20,7,351
142,"(22.5, 78.5)",4,362,13,363,360,1,3,3,363,17,12,3,352,1,36,55,2,29,363,7,32,26,13,40,364,14,5,20,7,351
143,"(22.5, 79.5)",4,362,15,363,360,344,3,3,363,17,12,3,352,1,11,55,2,29,363,7,32,70,45,40,8,14,5,9,7,351
144,"(22.5, 80.5)",2,362,15,363,361,345,3,3,363,21,12,3,360,1,10,56,2,30,363,7,32,70,45,31,364,14,5,9,7,350
145,"(22.5, 81.5)",2,360,12,363,361,345,4,3,21,17,12,3,360,1,11,56,2,30,363,7,32,70,44,25,364,342,5,10,7,351
146,"(22.5, 82.5)",2,360,13,363,361,345,4,3,21,17,12,3,360,21,11,56,2,30,363,27,32,70,44,25,365,342,5,10,8,361
147,"(22.5, 83.5)",2,360,12,365,361,345,4,3,21,17,10,17,360,21,11,45,3,30,363,27,32,25,44,25,365,342,5,10,6,362
148,"(22.5, 84.5)",2,363,23,335,361,4,365,1,21,17,9,20,23,21,11,45,3,29,363,6,32,25,44,25,321,342,5,10,6,365
149,"(22.5, 85.5)",2,363,23,335,361,352,365,1,21,33,10,20,23,21,11,44,6,29,363,6,32,25,44,26,365,342,5,10,48,365
150,"(22.5, 86.5)",2,363,23,335,361,352,365,1,21,33,10,20,357,22,12,44,7,30,363,6,357,25,44,25,365,342,11,10,8,365
151,"(22.5, 87.5)",2,16,23,335,361,4,5,1,22,33,10,20,357,22,12,2,7,30,363,6,29,10,44,26,357,342,11,361,8,15
152,"(22.5, 88.5)",2,16,22,335,361,66,5,1,22,34,10,20,357,22,12,2,7,30,363,6,29,10,44,25,6,13,11,362,8,15
153,"(22.5, 92.5)",17,17,4,334,13,353,360,1,22,34,10,21,24,22,12,30,6,29,363,5,177,11,45,25,365,12,12,9,124,48
154,"(23.5, 68.5)",3,350,346,362,8,365,1,12,21,13,15,17,365,1,7,16,3,42,363,24,51,4,349,37,8,327,15,39,365,11
155,"(23.5, 69.5)",3,350,346,363,8,365,1,12,17,13,9,17,365,1,7,16,3,42,363,24,51,4,349,37,8,327,15,39,365,11
156,"(23.5, 70.5)",3,350,346,363,8,365,1,12,17,13,17,17,365,1,7,16,3,42,1,24,51,4,349,37,8,327,15,39,365,11
157,"(23.5, 71.5)",2,353,346,363,9,365,1,12,17,13,17,16,365,1,8,17,3,42,1,34,51,4,349,38,8,327,1,39,365,11
158,"(23.5, 72.5)",2,349,347,362,9,365,1,12,17,15,17,17,9,1,8,17,1,41,1,33,51,4,349,38,8,327,1,39,18,11
159,"(23.5, 73.5)",2,349,347,362,9,365,1,2,19,15,12,17,9,1,8,17,1,41,1,34,51,7,349,38,316,327,1,39,365,11
160,"(23.5, 74.5)",3,349,347,363,9,365,1,2,19,16,14,19,9,1,8,17,1,31,2,6,19,7,349,38,8,15,4,20,19,11
161,"(23.5, 75.5)",3,3,13,363,10,365,3,2,20,16,13,19,352,1,36,17,1,43,2,7,32,5,349,22,8,14,3,20,20,365
162,"(23.5, 76.5)",3,3,13,363,10,1,3,2,20,16,13,3,352,1,36,17,1,43,2,6,32,6,348,22,8,14,16,20,7,365
163,"(23.5, 77.5)",3,355,13,363,360,1,3,2,20,16,13,3,352,1,36,17,1,43,363,6,32,7,349,40,8,14,5,20,7,365
164,"(23.5, 78.5)",4,355,13,363,360,1,3,2,363,17,12,3,352,1,36,17,6,29,363,6,32,7,348,40,8,14,5,2,7,18
165,"(23.5, 79.5)",4,354,13,363,360,1,3,3,363,17,12,3,360,1,36,17,2,22,363,7,32,7,348,23,8,14,5,2,7,363
166,"(23.5, 80.5)",4,359,348,362,360,344,3,2,21,17,12,3,360,1,11,17,2,30,363,7,32,70,45,23,364,15,4,2,7,19
167,"(23.5, 81.5)",4,359,348,363,360,1,3,3,21,17,12,3,360,1,11,17,2,30,363,7,32,70,45,23,364,15,4,2,7,362
168,"(23.5, 82.5)",4,359,21,363,361,3,3,3,21,17,12,19,360,1,10,7,6,29,363,7,31,26,44,23,364,15,4,10,6,362
169,"(23.5, 83.5)",2,360,21,364,361,3,3,3,21,17,14,20,360,1,11,7,6,29,364,3,29,25,44,24,365,15,5,10,6,362
170,"(23.5, 84.5)",2,363,23,364,361,3,4,1,21,17,9,20,360,21,11,7,6,30,364,6,29,25,44,25,365,13,5,10,6,362
171,"(23.5, 85.5)",2,363,23,364,361,3,365,1,21,33,10,20,23,21,11,7,6,29,364,6,29,25,44,25,365,6,11,361,6,361
172,"(23.5, 86.5)",9,363,23,335,361,352,365,1,21,33,10,20,357,22,12,44,6,29,10,6,29,25,44,25,3,16,11,361,8,15
173,"(23.5, 87.5)",2,6,22,335,361,1,363,1,22,34,10,20,357,22,12,2,7,29,10,6,29,11,44,25,365,16,11,361,8,15
174,"(23.5, 88.5)",2,6,22,335,361,4,363,1,22,34,10,20,357,22,12,2,7,29,10,6,24,11,44,25,365,17,11,361,8,15
175,"(23.5, 91.5)",17,17,4,334,361,353,4,1,23,34,10,21,24,22,12,30,6,29,363,5,177,10,45,25,365,12,12,2,9,47
176,"(23.5, 92.5)",17,17,348,334,361,2,4,1,16,34,10,21,24,22,12,30,6,29,363,5,177,11,45,24,365,12,13,2,9,48
177,"(23.5, 93.5)",17,17,13,336,361,353,360,1,23,86,10,22,42,22,189,30,24,22,363,166,177,11,45,24,365,13,19,169,124,92
178,"(24.5, 68.5)",2,350,346,362,8,365,1,12,17,13,9,17,365,1,7,16,9,21,1,23,50,4,349,37,8,327,15,39,365,11
179,"(24.5, 69.5)",2,350,346,362,8,365,1,12,17,13,16,17,365,1,7,17,3,42,1,23,50,4,5,37,8,327,15,39,365,11
180,"(24.5, 70.5)",2,349,346,362,8,365,1,12,17,13,9,18,365,1,7,17,3,42,1,24,51,4,349,37,8,327,15,39,365,1
181,"(24.5, 71.5)",2,349,346,362,8,365,1,12,17,15,17,18,365,1,7,17,3,42,1,34,51,4,349,38,8,327,1,39,365,1
182,"(24.5, 72.5)",2,349,347,363,9,365,1,12,17,15,17,18,365,1,8,17,3,42,1,33,51,4,349,38,8,327,1,39,18,1
183,"(24.5, 73.5)",2,349,347,362,9,365,1,12,19,15,17,18,365,1,8,17,1,42,1,34,51,4,349,38,8,327,1,39,365,365
184,"(24.5, 74.5)",3,349,347,363,9,365,2,2,18,15,17,19,352,1,8,17,1,41,1,34,25,6,349,39,316,327,3,39,365,365
185,"(24.5, 75.5)",3,3,13,363,10,365,3,2,20,16,14,19,352,1,36,17,1,43,2,6,24,6,349,22,9,14,3,20,365,365
186,"(24.5, 76.5)",3,3,13,363,10,3,3,2,20,16,14,19,352,1,36,17,1,43,2,7,24,6,349,22,9,14,3,10,6,19
187,"(24.5, 77.5)",4,355,13,363,11,1,3,2,20,17,12,3,352,1,36,17,1,43,363,6,32,6,348,22,8,14,5,10,7,19
188,"(24.5, 78.5)",3,354,13,363,11,1,3,2,20,16,12,3,352,1,36,17,2,21,363,6,32,7,349,22,8,14,5,2,7,363
189,"(24.5, 79.5)",3,354,19,362,360,3,3,2,20,16,12,3,360,1,36,17,2,22,362,6,32,6,41,23,8,14,5,2,6,19
190,"(24.5, 80.5)",4,354,19,362,11,1,3,2,20,17,12,3,360,1,11,17,2,22,362,7,32,6,41,23,364,15,5,2,6,362
191,"(24.5, 81.5)",4,354,19,362,362,2,3,3,20,17,12,19,360,1,18,3,2,365,363,7,32,6,45,23,365,15,5,2,6,363
192,"(24.5, 82.5)",4,354,21,363,362,1,3,3,20,17,12,16,360,1,18,4,6,365,8,7,31,25,42,23,365,19,4,360,7,362
193,"(24.5, 83.5)",6,354,22,364,364,2,3,2,20,17,14,16,360,1,17,3,6,365,14,3,29,365,42,23,365,19,11,360,6,362
194,"(24.5, 84.5)",2,3,22,364,361,2,3,2,20,17,14,17,360,7,17,7,6,365,7,3,29,365,44,23,365,16,11,360,7,15
195,"(24.5, 85.5)",2,3,22,364,365,3,3,1,20,18,14,17,357,22,19,7,6,29,14,1,29,365,44,23,365,16,10,361,8,15
196,"(24.5, 86.5)",2,5,22,335,361,2,361,1,21,34,10,20,357,22,365,2,6,29,14,6,29,365,44,25,3,16,11,360,8,15
197,"(24.5, 87.5)",2,5,22,335,361,1,363,1,22,34,10,17,357,22,12,7,6,29,10,6,29,10,44,25,3,16,11,361,8,11
198,"(24.5, 88.5)",2,5,22,335,361,1,363,1,22,34,10,21,357,22,12,8,6,29,9,5,24,10,44,25,365,12,12,361,8,15
199,"(24.5, 91.5)",365,17,348,336,361,2,360,1,16,34,10,21,24,22,12,30,6,29,9,5,177,13,45,24,365,12,12,2,8,47
200,"(24.5, 92.5)",17,17,13,336,361,2,360,1,13,34,10,21,25,22,12,30,6,29,12,5,177,11,45,24,365,12,19,2,8,48
201,"(24.5, 93.5)",17,17,348,336,361,353,361,1,13,34,10,21,25,22,189,30,6,22,363,166,177,11,45,24,365,12,19,169,124,48
202,"(24.5, 94.5)",363,17,13,336,361,353,360,1,13,86,10,22,42,22,189,30,24,22,363,166,177,14,45,24,365,13,19,169,124,48
203,"(25.5, 70.5)",2,349,346,362,8,365,1,12,18,13,17,18,365,1,7,17,2,41,1,23,25,4,7,37,8,327,15,39,365,1
204,"(25.5, 71.5)",2,349,346,362,8,365,1,12,18,15,17,18,365,1,7,17,2,41,1,23,25,4,7,38,8,327,9,39,18,1
205,"(25.5, 72.5)",2,349,347,362,8,365,1,12,18,15,17,18,365,1,7,17,2,41,1,33,25,4,7,38,8,327,9,39,18,1
206,"(25.5, 73.5)",3,349,347,362,8,365,1,12,19,15,17,18,365,1,7,17,3,42,1,33,25,4,7,38,9,327,5,39,18,1
207,"(25.5, 74.5)",3,350,347,361,9,365,2,2,18,15,17,19,352,1,8,17,4,42,1,25,25,5,349,22,9,327,3,18,365,365
208,"(25.5, 75.5)",3,351,13,363,10,365,2,2,19,15,18,19,352,1,11,17,1,42,1,6,25,6,349,22,9,327,5,21,365,365
209,"(25.5, 76.5)",2,351,19,363,10,3,2,2,20,15,11,19,365,1,14,17,5,42,1,6,25,6,348,22,9,14,5,21,6,365
210,"(25.5, 77.5)",2,351,13,363,365,3,3,2,20,17,12,19,352,1,18,17,6,43,362,6,25,6,348,22,9,14,3,10,6,16
211,"(25.5, 78.5)",3,354,20,363,11,3,3,2,20,16,12,19,361,1,19,16,3,43,362,6,32,6,41,22,9,14,5,10,6,16
212,"(25.5, 79.5)",7,354,19,362,11,3,3,2,20,16,12,16,360,1,17,5,6,365,362,6,32,6,41,22,364,11,5,362,6,16
213,"(25.5, 80.5)",7,354,19,362,11,2,3,2,20,16,12,16,360,1,18,3,2,365,362,7,32,6,41,23,364,11,5,10,6,362
214,"(25.5, 81.5)",20,354,19,362,364,2,3,2,20,16,12,19,360,1,18,3,5,365,8,7,32,364,42,23,365,11,5,359,6,362
215,"(25.5, 82.5)",6,354,21,362,363,1,3,2,20,17,12,16,360,1,17,5,5,365,8,3,31,6,42,23,365,19,8,360,6,362
216,"(25.5, 83.5)",6,3,21,363,364,2,3,2,20,17,14,16,360,1,18,3,6,365,8,3,29,365,42,23,365,19,9,360,7,362
217,"(25.5, 84.5)",6,3,22,363,365,2,3,2,8,17,14,17,360,7,18,3,6,365,14,3,29,365,42,23,3,19,11,360,7,15
218,"(25.5, 85.5)",2,3,22,364,365,2,3,1,8,17,14,17,360,7,17,7,6,365,14,3,29,365,42,23,3,19,10,361,8,361
219,"(25.5, 86.5)",2,4,22,26,365,2,361,1,8,17,14,17,357,22,365,7,6,29,15,4,29,9,44,23,365,12,10,360,8,11
220,"(25.5, 87.5)",9,4,22,335,361,1,361,1,8,17,10,17,21,22,365,8,6,29,9,5,29,15,5,23,3,12,12,361,8,15
221,"(25.5, 88.5)",365,6,22,27,361,1,361,1,8,17,10,17,23,22,365,34,6,29,9,5,24,15,3,23,26,12,12,2,8,15
222,"(25.5, 90.5)",364,17,348,336,361,2,361,1,12,34,10,17,25,9,365,34,6,29,9,5,177,13,45,30,365,12,12,2,8,47
223,"(25.5, 91.5)",17,17,348,336,361,60,360,1,16,41,10,22,25,22,365,30,6,29,9,5,177,11,45,30,365,12,12,2,8,47
224,"(25.5, 92.5)",17,17,13,336,361,2,361,1,13,17,10,22,25,22,12,30,6,29,363,166,177,11,45,24,365,12,19,2,8,48
225,"(25.5, 93.5)",17,17,13,336,361,353,361,1,13,34,10,22,25,22,12,30,6,29,363,166,177,346,45,24,365,12,19,169,210,48
226,"(25.5, 94.5)",363,17,13,18,361,353,360,1,13,86,10,21,42,22,189,30,24,22,363,166,177,346,45,24,365,13,19,169,124,48
227,"(26.5, 70.5)",3,349,346,362,8,365,1,12,18,15,17,19,365,1,7,17,2,41,1,23,25,4,7,38,8,327,5,39,365,1
228,"(26.5, 71.5)",3,349,18,362,8,365,1,12,18,15,17,18,365,1,7,17,2,41,1,23,25,4,7,38,8,13,5,39,18,1
229,"(26.5, 72.5)",3,352,18,362,8,365,1,12,10,15,15,19,365,1,7,17,2,41,1,23,25,4,7,38,8,13,9,39,356,1
230,"(26.5, 73.5)",3,352,18,362,8,365,1,13,18,15,17,19,365,1,8,17,2,41,1,33,25,4,7,38,9,13,5,8,18,365
231,"(26.5, 74.5)",3,350,18,361,9,365,2,1,18,15,17,19,365,1,8,17,2,42,1,25,25,4,348,22,9,13,5,8,354,365
232,"(26.5, 75.5)",2,350,18,361,9,365,2,1,19,15,18,19,351,1,14,17,5,42,1,6,25,5,348,22,9,13,3,18,6,365
233,"(26.5, 76.5)",2,351,18,361,365,3,2,2,20,15,18,19,365,1,14,16,5,42,362,6,25,6,41,22,9,8,3,18,6,365
234,"(26.5, 77.5)",2,351,18,361,365,3,2,2,20,17,11,19,362,1,19,5,5,43,362,6,25,6,41,22,9,11,5,10,6,16
235,"(26.5, 78.5)",2,2,18,363,365,3,2,2,20,17,12,19,361,1,19,5,5,365,362,4,25,5,41,22,4,11,5,362,6,16
236,"(26.5, 79.5)",7,2,19,362,365,1,2,2,20,17,12,16,361,1,19,5,5,365,17,4,32,5,41,22,364,11,5,362,6,364
237,"(26.5, 80.5)",20,2,19,362,10,1,2,2,20,16,12,16,360,1,18,3,5,365,8,7,31,5,41,22,4,11,5,362,6,364
238,"(26.5, 81.5)",20,2,23,362,364,2,2,2,20,15,12,16,360,1,18,3,6,365,13,3,31,364,42,23,365,11,8,359,7,364
239,"(26.5, 82.5)",6,2,22,362,364,2,2,2,9,15,14,16,360,1,18,5,5,365,8,3,31,364,42,23,365,11,8,358,7,14
240,"(26.5, 83.5)",6,2,22,362,363,2,3,2,9,15,14,16,360,1,18,3,6,365,14,3,31,365,42,23,365,19,10,360,7,362
241,"(26.5, 84.5)",6,2,22,362,364,2,3,2,8,17,14,16,360,7,18,3,6,365,14,3,29,365,42,23,3,16,10,360,7,14
242,"(26.5, 85.5)",6,3,22,362,365,3,3,2,8,17,14,16,21,7,18,5,6,365,14,3,29,365,3,23,3,11,10,360,7,14
243,"(26.5, 86.5)",6,4,22,362,365,1,361,1,8,41,14,17,21,9,365,5,6,29,9,3,24,365,3,23,365,12,10,360,8,14
244,"(26.5, 87.5)",365,4,22,27,361,1,361,1,8,17,14,17,23,9,365,34,6,29,15,4,24,15,3,23,365,12,10,2,8,47
245,"(26.5, 88.5)",364,6,22,27,361,1,361,1,8,17,10,17,25,22,365,34,6,29,9,5,24,15,45,23,26,12,12,2,8,47
246,"(26.5, 89.5)",364,6,22,335,361,2,361,1,8,17,10,17,25,22,365,34,6,29,24,5,24,15,45,30,26,12,12,2,8,47
247,"(26.5, 90.5)",364,18,4,16,361,1,360,1,12,17,10,22,25,22,365,34,6,29,9,5,177,14,45,30,365,12,12,2,8,46
248,"(26.5, 91.5)",40,17,13,336,361,60,361,1,13,41,10,22,25,22,365,34,6,29,363,362,177,11,45,30,365,12,19,2,8,47
249,"(26.5, 92.5)",40,17,13,18,361,60,360,1,13,17,10,22,25,22,12,30,6,29,363,166,177,346,45,24,365,12,19,2,8,48
250,"(26.5, 93.5)",363,17,13,18,361,60,360,1,13,34,10,22,25,22,12,30,6,29,363,166,177,346,45,24,365,12,19,2,8,48
251,"(26.5, 94.5)",363,17,13,18,361,60,360,1,13,86,19,22,42,22,189,30,24,22,363,166,177,346,45,24,365,13,19,169,124,48
252,"(26.5, 95.5)",363,17,13,18,361,60,360,1,13,86,19,22,42,327,189,30,360,22,363,166,177,346,35,24,320,15,19,169,124,54
253,"(27.5, 69.5)",2,348,18,362,8,365,1,12,18,15,15,18,365,161,7,17,2,41,1,23,25,4,7,38,167,13,5,39,365,1
254,"(27.5, 70.5)",3,349,18,362,8,365,1,12,18,15,15,19,365,1,7,17,2,41,1,23,25,4,7,38,167,13,5,8,18,365
255,"(27.5, 71.5)",1,349,18,362,8,365,1,12,10,15,15,19,365,1,7,17,2,41,1,23,25,4,7,38,178,13,5,8,354,1
256,"(27.5, 72.5)",3,352,18,362,8,365,1,12,10,15,15,19,365,1,29,17,2,41,1,23,25,4,7,38,9,13,5,8,354,1
257,"(27.5, 73.5)",8,352,17,361,8,365,1,13,18,15,17,19,365,1,14,17,2,42,1,22,25,4,7,35,9,13,5,8,18,365
258,"(27.5, 74.5)",8,350,17,361,8,365,2,13,18,15,15,19,365,1,10,17,5,17,1,22,25,4,7,35,9,13,5,8,18,365
259,"(27.5, 75.5)",2,350,17,361,10,1,2,1,12,16,18,19,351,1,10,37,5,17,1,6,25,4,8,22,9,3,5,18,6,355
260,"(27.5, 76.5)",2,350,17,361,365,1,2,2,12,17,18,19,362,1,16,16,5,43,1,1,25,5,41,22,3,8,5,18,6,355
261,"(27.5, 77.5)",2,351,18,361,365,3,2,2,8,17,11,19,362,1,19,5,5,365,1,4,25,5,41,22,4,11,5,18,6,354
262,"(27.5, 78.5)",2,2,18,363,365,1,2,2,12,17,11,19,361,1,19,5,5,365,11,4,25,5,2,22,4,11,5,18,6,356
263,"(27.5, 79.5)",7,2,18,362,365,1,2,2,19,17,12,16,361,1,19,5,365,365,13,4,21,364,2,22,4,11,5,362,6,364
264,"(27.5, 80.5)",6,2,18,362,363,1,2,2,20,17,12,16,360,1,18,3,365,365,8,3,32,364,42,22,4,11,8,362,6,16
265,"(27.5, 81.5)",20,2,21,362,363,1,2,2,19,17,12,16,360,1,18,3,5,365,13,3,31,364,42,23,365,11,8,10,7,364
266,"(27.5, 82.5)",20,2,22,362,363,2,2,2,9,17,14,16,360,1,18,5,5,365,8,3,31,364,42,23,365,19,8,358,7,14
267,"(27.5, 83.5)",6,2,22,362,364,1,2,2,9,15,14,16,360,7,18,3,6,365,14,3,31,365,42,23,3,19,8,363,7,361
268,"(27.5, 84.5)",6,2,22,362,364,2,3,2,8,17,14,16,360,7,18,3,6,365,14,3,24,365,42,23,3,16,10,360,7,362
269,"(27.5, 88.5)",365,4,22,28,11,1,361,1,8,17,10,17,25,22,365,34,6,29,24,5,24,15,45,23,365,12,12,2,8,46
270,"(27.5, 89.5)",364,18,4,335,361,1,361,1,8,17,10,17,25,22,365,34,6,29,24,5,177,15,45,30,365,12,12,2,8,46
271,"(27.5, 90.5)",40,17,4,335,361,60,360,1,8,41,10,17,25,22,365,34,6,29,9,5,177,12,45,30,365,12,19,2,8,46
272,"(27.5, 91.5)",40,17,13,335,361,60,361,1,13,17,10,22,25,22,365,34,6,29,363,166,177,12,45,30,365,12,19,2,8,47
273,"(27.5, 92.5)",40,17,13,18,361,60,361,13,13,17,10,22,40,22,12,34,6,29,363,166,177,14,45,24,365,12,19,2,8,48
274,"(27.5, 93.5)",38,17,13,18,361,60,360,1,13,17,10,22,25,22,11,30,24,29,363,166,177,346,45,24,365,13,19,2,8,48
275,"(27.5, 94.5)",363,17,13,18,361,60,360,1,13,86,10,22,42,327,189,30,360,22,363,166,177,346,35,24,320,15,19,169,124,54
276,"(27.5, 95.5)",363,17,13,18,361,60,360,1,13,86,19,22,42,327,189,30,360,22,363,166,177,346,35,24,320,15,19,169,124,54
277,"(28.5, 70.5)",3,352,17,362,8,365,1,12,10,15,15,18,365,1,29,17,2,41,1,22,25,4,7,38,167,244,5,8,356,365
278,"(28.5, 71.5)",8,352,17,362,8,365,1,12,10,15,15,19,365,1,29,17,2,360,1,22,25,4,7,35,178,13,5,8,354,365
279,"(28.5, 72.5)",8,350,17,362,361,365,1,32,10,15,15,19,365,1,29,17,2,17,1,22,25,4,7,35,9,13,5,8,354,365
280,"(28.5, 73.5)",8,351,17,362,8,365,2,12,18,15,15,19,365,1,10,17,5,361,1,22,25,4,7,35,9,13,5,8,354,357
281,"(28.5, 74.5)",5,350,17,362,8,365,3,12,12,16,15,19,351,1,10,16,5,361,1,3,25,4,7,35,9,9,5,365,3,365
282,"(28.5, 75.5)",2,350,17,362,8,1,2,12,12,16,18,19,351,1,10,17,5,361,1,3,25,4,8,36,9,10,5,366,3,355
283,"(28.5, 76.5)",2,350,17,362,365,1,2,1,12,17,15,16,362,1,10,16,5,43,1,1,25,5,2,36,3,10,5,366,6,355
284,"(28.5, 77.5)",2,350,18,361,365,1,2,12,12,17,9,16,361,359,10,5,5,365,8,3,25,5,2,39,3,10,9,361,3,355
285,"(28.5, 78.5)",2,2,18,362,365,1,2,12,12,17,9,16,361,1,13,4,5,365,8,4,23,4,2,22,3,10,9,361,6,355
286,"(28.5, 79.5)",2,2,16,362,365,1,2,12,8,17,9,16,361,1,15,4,5,365,13,4,21,364,42,22,3,11,9,18,6,356
287,"(28.5, 80.5)",6,2,22,362,363,1,2,12,8,17,12,16,361,1,18,3,365,365,13,3,21,364,42,22,3,11,8,362,6,356
288,"(28.5, 81.5)",6,2,21,362,363,1,2,2,8,17,12,16,355,7,18,3,5,365,13,3,23,364,42,22,4,11,9,362,6,15
289,"(28.5, 88.5)",365,4,22,28,11,2,361,1,8,17,14,17,25,22,365,34,6,29,24,4,177,15,45,23,365,12,12,2,8,46
290,"(28.5, 91.5)",40,17,13,335,361,60,360,1,13,17,10,21,40,22,12,34,6,29,363,166,177,11,45,30,365,12,19,2,8,47
291,"(28.5, 92.5)",38,17,13,18,361,60,360,13,13,17,10,21,40,14,11,34,6,29,363,166,177,14,45,24,365,12,19,2,8,47
292,"(28.5, 93.5)",38,17,13,18,361,60,360,1,13,34,10,22,40,22,359,34,24,22,363,166,177,346,45,24,365,13,19,169,124,48
293,"(28.5, 94.5)",38,17,13,18,361,60,360,1,13,86,19,21,184,327,189,34,205,16,363,111,177,346,35,24,320,15,19,169,124,54
294,"(28.5, 95.5)",363,17,13,18,361,60,360,1,13,86,19,303,145,31,8,34,13,16,363,63,177,346,35,24,319,15,78,169,81,54
295,"(29.5, 72.5)",5,351,17,12,361,365,1,31,10,16,16,16,364,1,29,17,4,361,11,3,23,4,7,35,9,9,5,365,5,355
296,"(29.5, 73.5)",5,351,17,358,361,1,2,31,12,16,15,19,364,1,10,17,5,361,8,3,23,4,7,36,9,10,5,365,3,355
297,"(29.5, 74.5)",5,350,17,358,361,1,2,31,12,16,15,16,355,359,10,6,5,43,8,3,23,4,346,36,3,10,5,366,4,355
298,"(29.5, 75.5)",5,42,17,361,365,1,2,38,12,16,10,16,362,359,10,7,5,43,1,3,25,5,7,36,3,10,9,366,3,355
299,"(29.5, 76.5)",2,42,17,361,365,1,2,38,12,16,9,16,355,1,10,7,5,43,8,1,25,5,2,26,3,10,9,366,3,355
300,"(29.5, 77.5)",2,42,17,361,365,1,2,38,12,17,9,16,355,1,10,7,5,43,8,3,25,4,2,34,3,13,9,18,5,355
301,"(29.5, 78.5)",2,42,17,361,365,1,2,38,12,17,9,16,355,359,10,4,5,365,8,3,22,4,44,39,3,13,9,18,6,355
302,"(29.5, 79.5)",6,2,16,361,365,1,2,38,8,17,9,16,355,1,13,4,5,365,8,3,23,364,42,39,3,13,9,18,6,355
303,"(29.5, 80.5)",6,2,21,360,363,1,2,38,8,17,9,16,355,1,16,3,5,365,8,3,22,363,42,22,3,13,9,18,6,356
304,"(30.5, 73.5)",5,42,18,358,365,1,2,38,12,13,16,16,362,1,10,6,5,43,8,3,23,4,346,35,3,10,5,365,4,355
305,"(30.5, 74.5)",5,42,18,358,365,4,1,38,11,16,16,16,362,359,8,7,5,43,8,3,23,5,45,34,3,10,5,366,3,355
306,"(30.5, 75.5)",5,42,18,358,365,4,1,38,11,16,10,16,362,56,8,37,5,43,8,31,23,4,45,34,3,365,5,366,7,355
307,"(30.5, 76.5)",2,42,18,358,365,2,1,38,11,16,10,16,362,56,10,7,2,43,1,31,23,4,45,34,3,365,9,366,5,355
308,"(30.5, 77.5)",2,42,18,361,365,365,1,38,11,16,9,16,362,56,8,37,2,43,1,31,23,4,60,34,3,365,9,7,7,355
309,"(30.5, 78.5)",6,42,18,361,365,365,1,38,11,16,9,16,20,56,8,42,2,365,32,32,23,4,44,39,3,13,9,7,7,355
310,"(30.5, 79.5)",6,42,18,361,365,365,2,38,11,16,9,16,20,56,8,42,5,365,32,3,23,4,44,39,3,13,9,7,7,354
311,"(30.5, 80.5)",6,353,21,361,365,1,2,38,11,16,14,16,355,1,9,36,365,365,8,3,22,363,42,39,2,4,9,18,6,355
312,"(31.5, 74.5)",5,350,18,358,7,365,2,38,11,18,16,16,364,56,8,37,350,43,32,31,23,4,346,25,3,364,8,7,7,355
313,"(31.5, 75.5)",5,42,18,358,7,365,2,38,11,18,16,16,364,56,8,26,350,43,1,31,23,4,346,25,3,365,5,366,7,355
314,"(31.5, 76.5)",5,42,18,358,365,365,1,38,11,13,16,16,364,56,29,26,350,43,32,31,23,4,60,25,3,364,9,7,7,355
315,"(31.5, 77.5)",6,42,18,361,8,365,2,38,11,13,16,16,364,56,8,42,2,43,32,31,23,4,60,34,3,364,9,19,18,355
316,"(31.5, 78.5)",6,42,18,361,8,365,2,38,11,16,16,16,20,56,29,42,2,27,32,31,23,4,60,39,3,13,9,7,7,355
317,"(31.5, 79.5)",6,42,18,361,8,365,2,38,11,16,16,16,20,56,29,42,2,27,32,32,23,4,60,39,3,13,9,7,7,45
318,"(32.5, 74.5)",6,3,14,355,7,365,2,38,11,13,16,16,20,56,8,15,350,40,51,31,23,3,346,38,3,3,8,7,18,355
319,"(32.5, 75.5)",6,3,14,355,7,365,2,38,11,18,16,16,364,56,29,15,350,43,51,31,23,3,346,25,3,364,8,16,18,355
320,"(32.5, 76.5)",6,353,14,355,7,365,1,31,11,13,16,16,364,56,29,26,23,40,51,31,23,3,346,39,3,364,8,7,18,355
321,"(32.5, 77.5)",6,42,18,361,7,365,2,38,11,13,16,16,364,56,29,37,23,62,32,31,23,4,60,39,3,364,8,7,18,355
322,"(32.5, 78.5)",6,42,18,361,7,365,2,38,11,18,16,16,364,56,29,42,23,28,32,31,23,4,60,39,3,364,9,7,18,45
323,"(32.5, 79.5)",6,42,18,361,7,365,2,38,11,16,16,16,20,56,29,42,2,28,32,32,23,4,60,39,3,364,9,7,18,45
324,"(33.5, 73.5)",6,3,14,355,7,365,1,38,11,13,132,236,364,56,8,15,23,40,51,31,23,3,346,38,3,3,8,7,18,355
325,"(33.5, 74.5)",6,3,14,355,7,365,2,38,11,13,16,16,20,56,8,15,23,40,51,31,23,3,346,38,3,364,9,7,18,355
326,"(33.5, 75.5)",6,3,14,355,7,365,2,38,11,18,16,16,20,56,8,15,23,40,51,31,23,3,346,38,3,364,8,7,18,355
327,"(33.5, 76.5)",6,3,14,355,7,365,2,31,11,13,16,16,364,56,29,26,23,40,51,31,23,3,346,39,3,364,8,7,18,355
328,"(33.5, 77.5)",6,3,14,355,7,365,2,31,11,13,16,16,364,56,29,26,23,40,51,31,23,3,346,39,3,364,9,7,18,354
329,"(33.5, 78.5)",6,42,14,355,7,365,2,39,11,13,16,16,364,56,29,26,23,40,31,31,23,3,59,39,3,364,9,16,18,45
330,"(33.5, 79.5)",6,42,18,361,7,365,2,39,11,13,16,16,364,56,29,42,23,40,32,31,23,17,60,39,3,364,15,7,18,45
331,"(34.5, 74.5)",6,3,14,355,7,183,2,31,11,53,9,52,239,56,20,15,23,40,51,31,23,3,346,38,3,364,8,7,365,22
332,"(34.5, 75.5)",6,3,14,355,7,183,2,31,11,53,132,236,314,56,40,15,23,40,51,31,23,3,346,38,3,364,8,7,18,45
333,"(34.5, 76.5)",6,3,14,355,7,365,1,31,11,53,247,16,20,56,40,26,23,40,51,31,23,3,72,39,3,364,9,7,18,45
334,"(34.5, 77.5)",6,3,14,355,7,365,2,31,11,53,247,16,364,56,40,26,23,40,51,31,23,3,72,39,3,364,9,7,18,45
335,"(34.5, 78.5)",6,3,14,355,7,365,2,31,11,53,247,16,20,56,40,26,23,40,31,31,23,3,72,39,3,364,15,7,18,22
