,Grid Coordinates,Value,1985,1986,1987,1988,1989,1990,1991,1992,1993,1994,1995,1996,1997,1998,1999,2000,2001,2002,2003,2004,2005,2006,2007,2008,2009,2010,2011,2012,2013,2014
0,"(8.5, 73.5)",29.520000000000003,49,34,16,29,56,44,33,69,64,42,38,46,28,45,43,39,32,19,20,18,39,31,48,33,31,25,31,19,52,27
1,"(8.5, 76.5)",29.22,39,29,17,23,44,32,50,63,63,24,27,50,24,50,39,46,35,29,22,36,45,46,51,37,22,34,23,17,40,37
2,"(8.5, 77.5)",30.91,48,28,19,22,40,28,47,86,84,23,15,52,22,54,36,38,26,29,18,30,46,46,42,39,30,37,27,15,23,34
3,"(8.5, 78.5)",30.47,62,33,31,19,38,49,46,63,70,36,9,43,29,37,31,23,38,34,21,35,50,39,26,38,35,38,32,19,20,46
4,"(9.5, 76.5)",28.86,44,32,11,24,39,38,42,50,54,35,26,64,30,50,46,48,36,22,22,34,44,48,54,34,24,34,20,16,39,31
5,"(9.5, 77.5)",29.65,49,28,23,20,39,34,47,79,80,18,13,49,22,51,37,34,30,31,17,31,53,42,40,40,32,38,29,18,24,36
6,"(9.5, 78.5)",28.92,56,38,27,22,42,52,46,57,67,32,14,39,34,31,45,24,47,30,20,46,48,37,24,40,34,36,28,18,17,40
7,"(9.5, 79.5)",29.9,63,42,26,24,45,46,44,53,66,48,18,41,32,27,45,29,41,34,20,38,40,26,22,33,38,35,32,17,19,49
8,"(10.5, 75.5)",27.526000000000003,49,28,11,26,38,47,39,59,55,47,29,59,35,37,42,43,31,23,19,25,40,41,52,31,31,26,38,24,47,24
9,"(10.5, 76.5)",26.36,36,28,11,23,31,44,43,62,61,41,33,63,24,45,44,45,36,20,17,28,52,36,51,33,30,36,30,21,39,27
10,"(10.5, 77.5)",27.82,39,26,24,18,30,45,46,56,65,38,18,46,28,42,45,34,53,28,20,42,48,37,37,36,30,41,37,18,20,34
11,"(10.5, 78.5)",30.270000000000003,44,37,26,23,38,48,49,65,75,41,14,42,27,35,43,25,41,26,20,41,48,32,24,43,39,41,36,14,18,48
12,"(10.5, 79.5)",29.770000000000003,59,40,24,26,43,42,45,50,66,48,21,40,29,32,45,40,41,33,18,38,40,22,24,36,45,43,32,13,18,50
13,"(11.5, 72.5)",27.47,42,31,14,34,49,57,45,59,40,58,41,52,34,31,36,39,38,24,19,29,29,24,47,25,34,21,39,23,45,33
14,"(11.5, 75.5)",26.27,51,31,12,28,41,44,45,54,37,53,28,58,31,32,32,46,34,26,15,25,38,24,51,34,35,35,42,25,52,31
15,"(11.5, 76.5)",26.44,38,29,20,27,33,38,45,49,40,45,18,62,27,36,35,45,36,24,21,31,52,21,59,40,36,43,42,25,45,30
16,"(11.5, 77.5)",27.46,32,35,19,19,24,38,49,50,55,36,22,53,28,41,44,55,46,33,16,57,59,42,52,37,26,40,24,17,17,25
17,"(11.5, 78.5)",30.12,34,33,25,19,33,40,44,51,59,58,19,39,29,40,53,49,52,33,15,42,44,42,29,34,42,40,33,10,18,32
18,"(11.5, 79.5)",29.689999999999998,46,44,25,25,40,30,37,48,58,51,23,39,37,32,51,49,54,40,18,33,42,29,28,42,41,38,28,13,17,36
19,"(12.5, 74.5)",26.34,39,33,19,30,45,60,50,50,39,63,37,45,31,27,40,42,35,24,18,27,30,22,47,27,36,31,34,26,50,34
20,"(12.5, 75.5)",26.21,39,35,18,31,46,58,53,53,41,60,33,49,28,28,31,41,38,23,15,25,32,23,48,26,37,26,35,28,56,34
21,"(12.5, 76.5)",24.8,27,44,26,32,33,47,59,60,39,53,17,46,17,34,27,45,35,20,13,32,48,21,50,39,42,49,37,24,42,29
22,"(12.5, 77.5)",27.79,30,47,33,27,33,40,40,46,49,43,22,42,30,31,42,57,46,35,15,35,53,38,50,40,35,44,27,15,21,25
23,"(12.5, 78.5)",28.42,38,44,33,27,33,42,40,58,52,58,21,44,31,41,44,48,56,32,12,25,50,39,38,30,32,39,29,10,21,28
24,"(12.5, 79.5)",29.59,37,50,31,28,39,38,36,58,52,58,32,44,34,37,48,48,61,37,11,17,42,36,27,28,37,36,27,11,19,34
25,"(12.5, 80.5)",29.47,41,48,32,31,41,32,37,46,52,55,31,44,35,34,56,46,62,44,11,20,44,30,27,31,37,37,28,11,18,32
26,"(13.5, 74.5)",26.29,34,34,18,31,49,61,51,46,40,59,38,45,37,34,40,44,39,21,14,29,36,24,42,27,34,27,34,22,47,36
27,"(13.5, 75.5)",26.01,30,30,18,30,45,61,54,46,34,56,33,43,31,31,39,48,46,18,14,36,30,32,47,28,36,33,30,24,48,36
28,"(13.5, 76.5)",26.689999999999998,27,39,31,35,38,51,77,64,43,53,19,42,14,37,34,45,31,13,11,42,51,26,53,33,36,31,25,22,43,25
29,"(13.5, 77.5)",27.020000000000003,36,48,40,42,38,45,46,51,47,60,23,43,23,27,40,53,29,28,15,23,49,23,53,42,42,44,24,15,28,20
30,"(13.5, 78.5)",28.060000000000002,36,42,34,37,36,43,39,54,48,64,25,44,32,39,48,49,50,28,17,24,48,36,43,26,38,39,24,12,17,31
31,"(13.5, 79.5)",28.9,44,47,35,33,34,42,39,56,53,62,29,46,34,36,47,49,57,33,13,18,45,33,29,22,34,38,25,14,16,28
32,"(13.5, 80.5)",29.560000000000002,53,47,36,33,36,38,41,56,55,62,34,45,43,34,41,41,64,41,12,16,42,33,22,20,34,37,25,13,18,31
33,"(14.5, 74.5)",27.65,39,34,14,34,42,60,47,45,41,66,37,45,25,25,43,48,31,29,14,29,38,34,40,31,31,35,31,24,45,35
34,"(14.5, 75.5)",27.16,31,39,15,37,45,64,62,53,39,64,27,50,26,28,38,44,38,18,12,26,34,35,40,33,32,32,29,23,43,38
35,"(14.5, 76.5)",27.260000000000005,29,40,27,43,38,55,73,60,48,55,24,50,19,32,32,44,26,15,11,31,42,18,49,33,29,43,28,22,47,34
36,"(14.5, 77.5)",28.71,44,56,40,46,37,59,48,54,48,65,24,50,25,28,31,45,25,27,17,22,48,14,45,24,37,39,14,14,38,30
37,"(14.5, 78.5)",28.916000000000004,43,45,36,39,39,53,45,53,49,66,31,45,35,37,41,51,48,27,18,18,43,34,29,18,34,40,17,15,18,29
38,"(14.5, 79.5)",29.439999999999998,54,47,35,39,37,41,43,60,50,61,34,48,41,34,36,42,47,37,17,21,46,34,28,13,29,38,17,12,18,26
39,"(14.5, 80.5)",29.65,54,46,38,41,39,41,50,61,45,62,45,48,46,30,40,45,54,36,18,22,45,30,23,10,27,36,14,13,15,20
40,"(15.5, 73.5)",28.17,45,32,17,40,44,51,39,41,45,54,40,36,30,22,49,44,27,36,17,27,44,35,35,35,30,29,35,23,47,38
41,"(15.5, 74.5)",28.060000000000002,42,33,16,38,42,47,46,39,49,58,37,38,29,21,47,45,33,37,17,27,43,41,36,35,32,38,33,22,44,37
42,"(15.5, 75.5)",28.34,33,39,18,38,39,58,59,49,42,66,32,48,25,20,40,43,30,24,11,27,43,39,37,32,32,40,28,20,43,39
43,"(15.5, 76.5)",29.18,27,42,37,56,44,53,56,55,53,49,25,52,21,26,27,42,22,21,15,22,44,36,40,26,29,51,20,20,53,31
44,"(15.5, 77.5)",29.786,28,44,43,51,39,58,52,50,51,64,34,55,29,33,24,48,25,24,16,25,39,28,32,21,32,50,14,20,41,26
45,"(15.5, 78.5)",30.260000000000005,40,43,46,44,44,60,52,59,48,67,36,49,41,33,28,47,34,27,20,20,42,23,28,16,33,31,13,17,32,27
46,"(15.5, 79.5)",30.13,42,45,44,43,47,49,57,63,41,64,52,54,45,41,37,48,36,24,20,20,38,18,19,10,17,30,11,17,29,29
47,"(15.5, 80.5)",29.64,38,44,37,42,55,46,57,61,38,61,62,58,56,41,40,44,41,26,21,23,39,19,17,12,10,28,8,12,24,27
48,"(16.5, 73.5)",28.42,55,39,15,38,42,46,47,36,46,55,36,38,30,14,47,40,31,35,14,29,45,40,33,39,29,27,34,22,46,37
49,"(16.5, 74.5)",27.949999999999996,52,35,14,38,40,45,54,41,49,54,36,41,31,16,47,42,31,33,13,35,45,43,32,35,29,30,30,21,44,36
50,"(16.5, 75.5)",28.33,34,44,30,43,42,50,59,40,50,61,38,35,22,20,50,34,30,30,11,28,43,49,33,27,27,39,28,20,43,34
51,"(16.5, 76.5)",29.39,26,39,43,56,49,59,49,53,51,58,38,40,30,32,33,36,24,30,14,21,42,40,24,26,32,48,14,12,46,28
52,"(16.5, 77.5)",29.310000000000002,24,47,63,52,51,61,49,59,45,55,43,45,36,32,30,33,22,29,13,20,38,32,23,18,31,48,11,13,41,35
53,"(16.5, 78.5)",29.25,26,41,65,50,50,52,55,55,35,54,52,51,40,39,31,38,21,25,22,24,43,25,26,20,25,41,5,11,36,32
54,"(16.5, 79.5)",29.729999999999997,29,42,47,42,50,48,62,65,39,65,51,46,49,42,41,38,28,27,27,20,38,26,20,13,20,31,5,14,37,32
55,"(16.5, 80.5)",29.699999999999996,35,40,44,41,53,41,63,60,32,61,64,55,55,46,40,41,36,25,29,28,34,24,13,13,7,28,5,13,30,34
56,"(16.5, 81.5)",29.489999999999995,44,45,40,40,49,37,61,61,31,62,63,56,53,43,40,40,31,23,33,32,36,25,9,17,9,36,7,12,22,36
57,"(16.5, 82.5)",29.226,41,47,38,37,50,35,57,64,27,53,71,54,47,46,35,36,36,20,39,32,46,29,10,18,9,41,7,12,17,42
58,"(17.5, 73.5)",27.09,51,41,20,28,43,50,56,33,42,60,27,32,32,18,45,38,39,34,18,36,56,36,30,36,26,33,31,20,44,34
59,"(17.5, 74.5)",27.61,44,43,19,34,40,45,59,40,48,64,34,35,31,14,50,36,34,28,12,36,56,39,31,33,28,34,27,24,41,33
60,"(17.5, 75.5)",29.17,34,43,40,53,46,46,64,42,54,55,38,25,31,21,40,31,24,25,17,26,52,43,29,41,25,38,20,20,35,34
61,"(17.5, 76.5)",29.39,23,41,54,62,56,63,43,47,43,48,46,32,39,24,31,32,27,28,23,27,41,35,25,23,28,46,14,18,40,34
62,"(17.5, 77.5)",28.89,22,46,64,53,50,61,45,48,39,52,47,35,39,27,31,34,25,29,26,25,40,32,22,21,18,47,13,16,41,39
63,"(17.5, 78.5)",28.989999999999995,19,40,69,53,46,54,50,55,36,55,50,31,44,32,38,35,29,29,30,26,38,33,25,21,13,41,12,12,37,30
64,"(17.5, 79.5)",29.449999999999996,29,43,57,47,49,55,64,56,33,57,56,38,43,42,44,39,29,23,27,26,38,30,24,18,14,35,8,10,34,26
65,"(17.5, 80.5)",29.04,34,42,40,36,47,43,62,50,32,53,65,50,49,57,40,39,29,22,36,32,33,33,17,19,8,34,8,15,34,32
66,"(17.5, 81.5)",28.550000000000004,40,50,37,32,52,40,64,51,25,56,66,47,47,38,33,32,27,20,43,39,52,35,16,19,11,37,9,16,29,34
67,"(17.5, 82.5)",28.17,40,50,38,31,49,39,59,52,22,46,65,40,49,36,27,30,32,20,40,40,47,36,13,22,13,43,14,22,31,37
68,"(17.5, 83.5)",27.92,32,51,37,23,45,37,60,58,22,47,63,41,52,33,26,26,32,23,44,37,48,35,15,22,13,49,21,27,30,43
69,"(18.5, 72.5)",27.85,45,49,20,25,40,52,57,27,32,52,23,36,33,28,34,32,34,40,20,36,53,36,23,50,23,36,32,32,56,36
70,"(18.5, 73.5)",27.6,42,43,23,28,49,50,70,24,33,51,23,34,32,22,42,33,33,32,25,29,52,37,27,48,26,35,31,27,52,36
71,"(18.5, 74.5)",27.85,39,45,27,36,50,54,68,27,36,52,28,28,28,24,40,31,29,31,16,30,55,35,27,45,25,36,34,25,48,39
72,"(18.5, 75.5)",29.060000000000002,29,42,50,57,52,53,56,36,46,56,35,20,39,22,37,33,24,37,24,25,47,33,32,38,26,40,17,17,37,40
73,"(18.5, 76.5)",29.21,20,39,61,57,54,67,47,40,45,59,42,37,44,28,34,28,26,33,28,26,36,29,20,28,17,39,15,13,39,40
74,"(18.5, 77.5)",28.84,21,40,63,53,52,64,42,50,42,52,42,29,46,28,33,33,29,35,33,34,37,28,17,21,11,41,13,18,43,37
75,"(18.5, 78.5)",28.84,22,42,58,39,45,59,48,52,31,55,42,29,44,31,37,33,29,36,37,37,48,40,17,24,10,40,12,19,41,38
76,"(18.5, 79.5)",29.21,24,43,50,38,45,50,55,36,33,56,49,25,44,38,46,30,29,33,36,42,53,35,19,20,9,45,11,15,43,34
77,"(18.5, 80.5)",28.72,31,45,44,35,44,52,60,37,31,55,56,43,45,41,48,36,30,25,39,35,38,34,17,20,10,38,14,21,33,38
78,"(18.5, 81.5)",28.32,33,44,37,31,38,44,62,46,26,49,60,41,44,39,41,30,26,21,40,39,48,39,14,20,12,46,16,25,38,40
79,"(18.5, 82.5)",28.25,31,52,43,25,41,37,58,47,25,55,63,46,51,39,29,22,31,24,41,39,53,33,12,21,16,44,18,27,32,35
80,"(18.5, 83.5)",27.79,31,54,48,33,38,31,61,45,26,51,59,40,53,33,29,21,27,22,43,32,51,36,13,23,13,48,26,34,28,43
81,"(18.5, 84.5)",28.356,34,54,52,29,39,26,60,44,24,41,52,39,51,35,22,28,28,18,42,33,52,33,16,27,11,49,33,35,47,42
82,"(19.5, 72.5)",28.810000000000002,33,46,14,22,38,46,62,34,24,58,33,32,36,26,33,30,38,45,27,36,58,37,17,50,18,33,35,38,58,47
83,"(19.5, 73.5)",28.57,29,41,19,24,37,47,75,26,27,61,29,33,38,23,32,32,39,43,24,35,53,37,19,49,21,31,31,39,57,33
84,"(19.5, 74.5)",28.58,25,39,32,36,49,50,69,27,35,59,31,31,38,25,38,24,32,42,22,33,47,33,18,42,27,38,25,34,49,43
85,"(19.5, 75.5)",28.89,14,42,44,39,49,46,60,32,46,68,38,35,41,36,43,24,29,45,29,33,39,29,19,29,23,36,18,24,40,40
86,"(19.5, 76.5)",28.866,19,41,54,34,54,53,51,38,44,58,41,26,43,36,46,24,26,45,35,35,45,26,18,30,24,39,18,19,36,38
87,"(19.5, 77.5)",28.945999999999998,22,42,52,37,51,46,41,35,43,59,45,21,48,35,43,24,24,39,35,40,48,36,22,27,15,37,20,23,47,39
88,"(19.5, 78.5)",29.15,26,49,53,35,42,49,42,27,35,66,48,21,48,40,51,26,29,40,35,42,47,33,18,22,13,38,16,22,45,33
89,"(19.5, 79.5)",28.96,27,54,52,33,42,49,43,32,33,61,47,26,49,43,55,21,23,34,33,44,53,36,21,25,13,42,14,18,37,35
90,"(19.5, 80.5)",28.13,28,51,43,22,28,36,46,20,32,61,44,28,45,45,48,23,22,33,38,43,60,38,22,21,16,46,17,41,57,38
91,"(19.5, 81.5)",28.16,38,58,43,30,41,31,48,25,31,66,49,38,49,34,35,20,27,23,42,42,57,33,14,22,20,49,17,32,39,40
92,"(19.5, 82.5)",27.536,40,54,49,33,35,24,59,32,25,49,56,38,52,39,27,18,25,19,39,37,55,31,11,23,16,51,28,41,53,37
93,"(19.5, 83.5)",28.16,34,56,53,32,37,27,58,35,24,41,50,40,52,43,29,23,25,20,43,36,54,25,12,25,14,47,30,33,48,41
94,"(19.5, 84.5)",28.146,33,55,53,29,38,23,56,35,27,38,50,41,54,40,30,26,26,19,42,31,51,30,18,25,13,48,34,35,51,45
95,"(19.5, 85.5)",27.770000000000003,31,51,53,19,38,26,53,29,27,42,59,47,53,45,25,32,32,23,41,30,45,16,25,28,11,47,35,37,49,48
96,"(20.5, 70.5)",29.076,37,54,22,18,46,21,42,36,16,36,39,28,64,34,29,25,24,31,24,37,63,33,40,51,23,39,43,44,44,53
97,"(20.5, 71.5)",29.37,38,47,19,21,43,21,40,39,16,40,36,33,59,32,30,24,24,35,22,38,66,32,31,57,20,38,38,46,59,50
98,"(20.5, 72.5)",29.18,34,47,14,15,40,21,57,39,19,49,35,30,53,30,35,24,37,42,23,39,58,32,24,54,17,33,37,42,59,51
99,"(20.5, 73.5)",29.239999999999995,25,40,13,20,46,26,66,37,23,58,35,27,47,30,32,29,35,52,21,36,55,39,23,50,21,32,30,36,61,47
100,"(20.5, 74.5)",28.75,20,42,29,25,50,39,67,34,28,61,29,27,45,32,33,24,31,52,25,35,47,39,20,42,25,38,30,32,53,41
101,"(20.5, 75.5)",28.520000000000003,13,39,40,29,45,41,59,33,41,64,37,36,47,36,38,28,28,49,29,34,43,29,19,27,29,37,24,36,50,39
102,"(20.5, 76.5)",28.729999999999997,18,39,43,26,48,44,42,32,44,64,41,31,44,34,41,25,29,43,29,36,42,28,20,27,31,38,25,41,54,33
103,"(20.5, 77.5)",28.560000000000002,19,44,47,26,36,42,43,28,40,66,43,27,46,44,53,21,24,37,33,36,47,36,18,27,25,39,22,38,59,31
104,"(20.5, 78.5)",28.770000000000003,23,47,46,24,30,44,47,27,38,66,45,25,51,51,55,16,25,35,34,38,44,36,23,26,18,38,20,42,52,33
105,"(20.5, 79.5)",28.03,30,50,44,15,29,37,47,24,34,53,47,26,47,60,55,17,27,33,34,42,48,39,24,24,18,37,17,42,52,37
106,"(20.5, 80.5)",28.13,33,48,48,11,19,31,47,18,30,54,46,27,49,62,48,17,20,25,36,38,58,28,26,21,22,45,26,53,62,47
107,"(20.5, 81.5)",27.276000000000003,42,48,47,23,31,24,46,20,31,46,46,38,54,54,42,13,20,22,33,39,50,23,13,23,22,48,33,49,63,53
108,"(20.5, 82.5)",27.37,41,55,55,29,35,25,53,20,30,37,49,36,52,48,31,19,17,18,35,43,49,22,13,24,17,48,35,42,57,57
109,"(20.5, 83.5)",27.92,41,50,54,29,35,21,57,24,28,37,52,36,53,47,32,27,26,18,41,41,50,18,13,24,20,45,32,41,52,44
110,"(20.5, 84.5)",28.060000000000002,39,53,53,29,39,23,58,25,28,38,50,40,56,45,27,29,28,18,41,35,50,25,16,27,15,47,33,39,53,43
111,"(20.5, 85.5)",27.739999999999995,33,46,52,19,30,30,58,27,26,37,53,45,52,47,29,29,28,24,40,30,43,18,27,36,14,47,35,39,48,50
112,"(20.5, 86.5)",27.62,22,42,46,19,32,32,53,47,23,31,55,41,58,47,31,35,37,27,36,31,45,15,30,37,11,44,35,39,40,52
113,"(21.5, 69.5)",28.12,34,53,26,16,48,27,39,37,14,39,41,28,67,34,29,23,21,31,27,30,62,29,37,51,23,40,45,47,40,54
114,"(21.5, 70.5)",28.68,33,55,21,16,45,24,40,40,14,38,39,30,67,34,29,21,21,32,27,35,65,31,38,52,22,40,45,47,41,52
115,"(21.5, 71.5)",29.17,34,49,19,22,43,23,42,40,18,31,36,33,69,32,35,25,27,29,26,45,71,32,36,47,22,34,38,41,46,50
116,"(21.5, 72.5)",29.485999999999997,31,44,16,19,36,21,47,38,20,37,34,36,61,35,35,25,32,44,29,48,61,43,29,45,18,35,34,44,48,51
117,"(21.5, 73.5)",28.976,24,36,16,15,33,25,44,28,22,50,35,38,68,31,37,25,33,46,23,48,56,39,27,42,24,40,37,43,63,48
118,"(21.5, 74.5)",28.760000000000005,17,42,25,20,31,29,45,26,26,52,36,40,62,36,40,27,35,57,22,41,38,37,28,41,23,41,28,41,70,43
119,"(21.5, 75.5)",28.11,14,41,36,19,35,36,47,26,26,53,29,41,68,34,40,30,27,52,25,38,32,36,25,34,28,37,23,45,74,40
120,"(21.5, 76.5)",28.03,20,45,44,20,36,37,46,29,29,57,30,36,62,34,41,32,25,41,25,41,41,32,27,32,22,34,24,46,63,38
121,"(21.5, 77.5)",27.43,19,44,43,23,34,35,47,23,35,69,31,29,56,42,48,27,23,35,31,37,49,30,22,31,24,36,23,48,59,39
122,"(21.5, 78.5)",26.806000000000004,27,44,52,19,28,34,46,23,33,58,45,24,56,44,54,20,23,30,32,38,48,30,27,27,25,37,22,50,58,42
123,"(21.5, 79.5)",26.689999999999998,27,49,49,14,25,30,48,24,33,51,45,24,56,57,54,22,19,30,38,35,52,36,24,24,27,38,22,45,48,49
124,"(21.5, 80.5)",27.260000000000005,38,50,47,12,25,31,45,30,33,46,44,28,57,52,54,20,20,31,38,37,51,31,27,20,28,38,24,46,43,56
125,"(21.5, 81.5)",26.56,37,47,54,21,31,24,42,21,37,39,45,34,58,47,42,22,20,29,41,40,52,18,22,26,23,49,30,46,45,53
126,"(21.5, 82.5)",27.006000000000004,41,46,55,22,36,18,47,21,35,36,44,43,56,49,34,21,18,27,40,40,50,22,18,26,25,47,32,48,46,53
127,"(21.5, 83.5)",26.9,47,48,55,24,34,21,54,24,29,35,50,45,54,48,35,24,22,19,41,34,45,22,15,25,20,43,32,48,48,53
128,"(21.5, 84.5)",27.14,51,55,63,23,28,21,58,23,26,31,49,49,56,50,28,22,23,16,40,32,49,16,17,30,21,44,33,44,49,48
129,"(21.5, 85.5)",27.510000000000005,44,51,61,17,29,28,55,28,23,27,44,49,57,49,32,33,24,24,42,33,49,22,28,34,14,42,33,36,40,49
130,"(21.5, 86.5)",26.91,29,41,47,20,30,27,50,46,26,29,50,47,61,43,31,32,41,30,37,31,46,16,32,33,12,42,37,39,34,55
131,"(21.5, 87.5)",26.42,20,31,35,20,31,28,41,42,30,27,49,32,57,45,29,44,47,35,41,32,39,24,35,38,22,45,40,46,37,53
132,"(21.5, 88.5)",26.06,20,29,26,22,32,29,35,43,29,29,45,30,60,40,28,48,47,35,38,32,42,28,38,38,23,46,42,47,38,49
133,"(22.5, 69.5)",28.016000000000005,36,57,28,18,48,26,40,38,19,35,42,26,63,36,30,23,24,33,26,28,60,32,36,51,23,36,41,47,39,55
134,"(22.5, 70.5)",28.16,36,57,26,18,48,26,40,40,16,34,40,28,68,36,30,23,22,32,26,28,60,32,37,51,17,36,42,46,41,52
135,"(22.5, 71.5)",28.939999999999998,32,50,23,20,40,25,42,40,20,31,38,34,68,32,33,20,26,32,33,40,65,32,37,48,21,35,41,42,40,53
136,"(22.5, 72.5)",29.34,38,45,21,19,38,25,40,41,21,36,36,40,77,33,34,25,22,37,34,42,58,37,33,48,16,27,31,44,43,52
137,"(22.5, 73.5)",28.770000000000003,34,37,22,13,35,28,43,40,24,42,42,38,67,33,32,30,20,37,33,42,51,33,33,42,19,45,33,47,50,52
138,"(22.5, 74.5)",27.87,23,39,28,14,34,24,41,31,25,42,33,35,66,34,43,31,23,45,31,44,48,37,33,40,21,45,35,45,57,46
139,"(22.5, 75.5)",27.300000000000004,26,45,32,15,32,25,42,30,28,42,30,40,72,41,46,36,24,47,32,39,42,33,25,37,19,38,25,50,61,45
140,"(22.5, 76.5)",26.866,29,44,40,14,33,31,42,28,25,50,29,40,66,35,50,33,23,42,33,39,45,32,28,35,25,36,22,44,58,45
141,"(22.5, 77.5)",26.21,31,46,42,17,33,32,43,25,27,50,32,45,66,34,49,29,22,35,34,37,49,28,26,29,26,37,22,46,54,48
142,"(22.5, 78.5)",25.766000000000002,32,46,49,20,27,28,41,23,27,44,34,41,66,40,55,29,20,40,40,40,44,30,28,28,25,37,22,46,45,49
143,"(22.5, 79.5)",26.12,35,50,49,17,27,28,46,28,28,44,45,28,64,46,56,25,20,32,40,38,43,23,28,27,26,38,26,42,37,53
144,"(22.5, 80.5)",26.44,35,52,47,17,26,23,42,27,28,34,48,31,62,49,54,21,24,36,40,36,42,22,31,27,28,39,28,41,39,62
145,"(22.5, 81.5)",26.08,37,46,43,19,32,21,44,24,34,30,46,35,60,48,46,28,27,27,36,34,41,25,26,29,26,43,35,46,46,60
146,"(22.5, 82.5)",26.07,39,49,48,16,28,20,46,20,34,31,50,37,59,53,36,22,22,26,41,38,51,16,26,29,28,46,36,44,44,60
147,"(22.5, 83.5)",25.72,37,50,59,22,31,19,51,20,32,36,52,51,59,46,34,28,19,25,39,35,45,11,19,29,23,44,34,46,37,60
148,"(22.5, 84.5)",26.05,44,46,57,22,31,17,52,26,27,30,55,52,56,51,34,30,20,25,41,33,45,10,14,27,22,43,35,47,44,58
149,"(22.5, 85.5)",25.56,49,44,53,24,34,23,49,34,28,28,57,49,60,47,34,24,23,25,41,31,42,10,25,32,17,40,34,43,34,58
150,"(22.5, 86.5)",26.24,36,42,38,24,34,24,43,41,26,29,58,45,56,43,28,33,35,33,37,33,41,17,34,34,14,43,36,47,38,53
151,"(22.5, 87.5)",26.206000000000003,19,28,27,21,31,28,37,40,28,27,52,38,58,43,28,44,45,35,41,34,42,26,38,34,22,47,40,52,37,54
152,"(22.5, 88.5)",26.296,22,30,27,23,32,27,34,43,26,22,51,33,55,42,22,47,47,38,38,31,39,30,38,41,22,47,42,53,42,52
153,"(22.5, 92.5)",23.52,33,26,24,20,44,36,43,74,32,21,39,24,62,39,24,49,35,40,40,48,35,11,46,45,19,33,42,47,33,30
154,"(23.5, 68.5)",27.97,35,59,26,15,48,31,39,37,17,29,64,26,62,33,28,19,21,31,26,28,56,31,37,51,21,37,41,47,39,54
155,"(23.5, 69.5)",28.03,34,56,27,17,48,29,39,37,19,30,49,32,66,33,29,22,21,31,24,29,56,33,38,52,23,37,41,47,38,55
156,"(23.5, 70.5)",27.760000000000005,35,54,28,18,47,29,37,35,22,34,46,35,66,34,28,22,23,31,29,29,59,32,37,51,24,36,39,46,40,54
157,"(23.5, 71.5)",27.489999999999995,35,53,24,19,40,24,37,40,26,32,41,35,65,33,34,21,22,32,28,37,56,28,37,50,24,41,40,44,39,52
158,"(23.5, 72.5)",27.300000000000004,37,54,24,19,40,24,38,42,27,32,39,39,73,32,35,21,20,35,33,34,55,23,36,49,22,42,36,45,39,52
159,"(23.5, 73.5)",27.300000000000004,35,50,27,13,38,27,38,41,26,33,40,38,71,35,36,24,18,36,36,39,50,30,33,43,22,42,34,46,44,53
160,"(23.5, 74.5)",26.726,32,50,30,14,33,22,37,37,27,36,39,43,72,29,41,31,20,37,34,34,49,31,29,42,25,44,32,47,47,52
161,"(23.5, 75.5)",26.68,32,51,36,12,28,23,36,32,19,32,31,39,73,47,57,47,22,36,37,32,40,27,29,36,26,44,32,48,47,44
162,"(23.5, 76.5)",26.5,30,49,45,17,29,25,34,26,22,39,32,39,71,45,60,46,24,33,32,31,38,18,30,37,29,38,28,46,44,56
163,"(23.5, 77.5)",25.85,34,46,44,21,29,30,36,23,22,35,31,38,68,40,58,42,24,32,34,36,41,17,31,35,32,39,25,48,45,58
164,"(23.5, 78.5)",25.636000000000003,34,47,47,22,32,30,35,21,24,33,36,37,65,36,50,30,26,35,43,37,45,23,33,33,32,39,32,45,37,57
165,"(23.5, 79.5)",25.33,32,45,40,19,32,25,39,25,32,34,41,30,61,37,45,24,26,33,47,39,46,27,35,32,32,40,32,44,35,63
166,"(23.5, 80.5)",25.516000000000002,34,42,38,21,32,20,35,24,34,34,49,33,61,40,46,32,25,32,46,41,44,23,34,31,32,42,33,41,35,62
167,"(23.5, 81.5)",24.7,30,41,38,21,31,22,32,26,37,34,50,32,60,44,46,31,25,34,43,45,39,24,31,32,31,41,33,43,36,62
168,"(23.5, 82.5)",25.11,33,39,41,22,33,20,39,28,35,30,45,39,61,46,45,24,29,29,43,47,36,16,30,33,27,42,35,43,37,68
169,"(23.5, 83.5)",25.7,36,42,45,24,36,20,46,26,34,28,43,44,64,50,38,26,27,25,43,44,36,12,27,30,23,42,34,43,32,70
170,"(23.5, 84.5)",24.88,38,45,48,24,33,18,48,31,32,27,52,48,61,50,34,26,28,26,45,36,31,7,25,35,21,44,35,48,34,64
171,"(23.5, 85.5)",24.986,42,39,44,25,36,20,39,41,28,24,51,48,58,51,34,31,25,31,45,37,37,11,27,34,21,43,38,49,32,55
172,"(23.5, 86.5)",25.56,27,32,26,21,30,20,38,45,22,20,42,38,52,46,24,42,42,43,60,38,39,32,34,39,17,43,40,50,38,52
173,"(23.5, 87.5)",26.03,19,29,20,24,31,22,33,40,32,26,41,31,58,41,23,44,43,39,48,37,42,31,39,40,20,46,42,52,41,56
174,"(23.5, 88.5)",26.31,22,29,25,24,35,21,31,40,29,23,39,27,54,37,22,46,47,42,51,37,34,34,40,42,25,45,42,54,42,56
175,"(23.5, 91.5)",23.636000000000003,35,25,24,21,46,38,41,74,33,20,33,23,57,40,18,46,34,37,44,47,32,14,45,43,25,32,41,50,32,46
176,"(23.5, 92.5)",23.09,34,25,22,20,50,39,43,78,36,20,39,27,60,38,22,44,34,36,43,47,31,16,42,42,22,30,39,46,32,38
177,"(23.5, 93.5)",23.37,36,30,24,21,55,45,47,82,42,31,50,30,61,33,13,44,28,38,35,50,36,20,41,38,18,21,33,38,30,24
178,"(24.5, 68.5)",27.256000000000004,36,60,26,18,48,27,40,35,21,30,46,33,65,32,29,19,23,33,40,31,55,32,37,50,19,36,38,48,35,54
179,"(24.5, 69.5)",27.09,35,58,26,19,48,27,37,35,21,30,44,33,65,31,28,18,24,34,41,30,58,31,37,50,21,37,38,47,38,54
180,"(24.5, 70.5)",26.68,36,58,28,21,42,30,34,36,23,33,41,32,64,32,31,18,24,33,37,31,54,29,38,48,23,37,39,47,38,55
181,"(24.5, 71.5)",26.636000000000003,36,59,27,22,40,29,36,39,25,32,38,33,64,29,31,20,24,35,38,30,55,28,37,47,25,39,38,47,39,54
182,"(24.5, 72.5)",26.306,35,56,25,23,38,28,34,39,28,30,39,37,66,25,33,19,23,36,37,33,56,24,38,45,24,40,39,50,41,55
183,"(24.5, 73.5)",26.05,36,56,26,21,38,24,36,36,23,31,42,38,67,25,35,23,26,37,35,32,53,21,35,43,23,44,41,49,42,56
184,"(24.5, 74.5)",25.83,35,54,31,16,36,26,33,31,22,28,39,38,71,40,54,30,25,35,35,28,49,17,28,42,25,43,39,47,42,56
185,"(24.5, 75.5)",25.72,33,52,36,16,33,22,33,27,19,30,37,35,73,39,55,40,24,34,36,29,49,18,32,38,28,45,35,47,42,56
186,"(24.5, 76.5)",25.47,31,48,37,20,33,22,30,26,22,30,36,36,72,40,54,42,28,33,35,30,47,16,34,37,27,42,35,46,41,63
187,"(24.5, 77.5)",25.43,32,47,41,21,32,22,30,27,23,31,37,34,68,38,54,38,27,31,39,32,47,13,35,36,32,39,35,44,42,65
188,"(24.5, 78.5)",25.326,29,49,42,24,35,26,30,27,27,36,41,32,65,33,44,29,28,35,42,38,44,18,32,36,32,37,35,44,41,65
189,"(24.5, 79.5)",24.996000000000002,28,47,42,24,33,21,30,25,31,34,39,34,64,34,46,29,30,35,45,41,42,19,36,31,31,36,39,47,39,64
190,"(24.5, 80.5)",25.04,29,43,37,22,32,25,30,25,30,34,38,30,62,38,45,30,31,37,42,42,43,21,37,34,30,41,38,47,36,65
191,"(24.5, 81.5)",24.656,27,40,37,21,31,25,31,29,31,35,38,32,58,41,44,26,30,34,43,47,42,23,38,36,29,41,36,48,38,65
192,"(24.5, 82.5)",24.576,31,43,38,22,32,25,31,29,36,32,39,37,57,42,42,23,33,34,39,47,37,19,35,38,27,37,37,50,39,65
193,"(24.5, 83.5)",24.37,30,37,41,27,32,18,32,32,38,27,40,37,62,43,35,23,36,29,45,49,29,15,36,36,25,40,39,52,40,67
194,"(24.5, 84.5)",24.01,31,38,39,22,32,20,33,39,36,28,43,40,62,49,36,26,38,30,49,50,32,16,33,39,21,35,37,44,32,63
195,"(24.5, 85.5)",24.426000000000002,24,37,35,19,30,23,32,50,34,29,47,44,59,48,31,27,42,27,51,49,34,16,35,37,22,36,39,43,36,60
196,"(24.5, 86.5)",25.146,20,30,19,16,30,19,32,51,27,23,38,38,56,46,25,41,45,38,55,44,37,20,43,43,22,48,42,55,40,53
197,"(24.5, 87.5)",25.39,26,28,16,16,31,16,33,42,30,27,40,34,55,40,22,29,47,41,57,43,34,34,40,46,25,46,45,58,40,53
198,"(24.5, 88.5)",25.73,27,27,17,16,30,16,34,41,26,26,39,31,54,39,21,31,46,41,60,41,32,28,43,43,30,46,49,55,44,55
199,"(24.5, 91.5)",23.19,34,26,18,18,51,37,45,76,36,22,38,26,57,35,17,41,31,41,38,48,33,13,45,44,28,29,41,52,33,37
200,"(24.5, 92.5)",23.226,36,27,19,20,53,44,45,79,37,26,45,26,60,33,17,39,33,40,36,47,35,16,38,42,28,27,37,44,31,36
201,"(24.5, 93.5)",23.38,35,32,21,21,57,46,49,82,40,27,50,26,63,33,12,42,29,40,38,49,31,19,42,38,23,20,36,42,29,20
202,"(24.5, 94.5)",23.1,36,33,20,20,56,47,50,83,42,30,51,28,60,33,12,46,28,38,35,48,30,17,41,40,21,20,36,41,29,20
203,"(25.5, 70.5)",25.99,37,61,27,21,41,29,36,35,19,31,38,30,61,29,31,20,23,34,46,34,52,32,37,48,25,37,37,51,39,51
204,"(25.5, 71.5)",25.946,36,60,25,20,40,31,35,37,23,32,37,30,63,26,31,19,23,34,42,37,53,28,39,50,25,38,37,50,43,52
205,"(25.5, 72.5)",25.99,34,59,24,18,39,32,35,36,22,31,37,30,63,26,31,19,20,34,40,37,55,28,39,49,23,40,40,55,42,53
206,"(25.5, 73.5)",25.2,33,62,26,20,39,31,33,35,23,32,40,34,65,24,32,18,18,36,41,33,53,28,38,44,23,43,38,50,42,59
207,"(25.5, 74.5)",25.296,33,60,28,17,36,32,34,28,22,32,38,35,70,25,49,30,22,37,41,30,50,25,37,40,21,40,40,45,41,58
208,"(25.5, 75.5)",24.72,31,54,30,14,36,27,34,28,22,29,38,31,73,36,51,41,24,32,43,33,53,19,30,39,23,41,36,44,42,60
209,"(25.5, 76.5)",24.426000000000002,33,52,32,16,35,21,32,27,23,27,35,31,70,51,53,34,25,31,47,31,50,17,32,38,26,41,39,43,41,63
210,"(25.5, 77.5)",24.2,30,49,36,18,34,18,30,25,24,25,33,32,65,48,51,40,31,37,45,35,49,14,30,36,28,39,38,44,42,64
211,"(25.5, 78.5)",24.3,30,54,40,19,34,21,31,25,26,32,39,36,64,34,44,26,29,35,45,41,44,17,38,37,29,34,40,47,42,62
212,"(25.5, 79.5)",24.23,28,48,39,15,33,21,31,27,27,33,38,33,62,35,46,22,33,35,45,45,45,17,36,38,28,39,42,48,42,64
213,"(25.5, 80.5)",24.24,30,45,39,19,34,21,31,28,29,34,37,32,60,37,44,23,33,36,43,46,45,18,38,35,28,37,40,48,38,65
214,"(25.5, 81.5)",24.306,26,41,33,22,34,21,31,31,29,32,38,35,58,35,43,23,34,36,43,50,41,21,38,36,28,37,42,50,43,65
215,"(25.5, 82.5)",24.146,29,38,34,22,35,17,31,34,33,29,35,36,58,37,42,26,37,36,44,52,35,18,38,40,24,36,41,54,41,64
216,"(25.5, 83.5)",24.036,29,40,35,23,35,19,32,35,35,29,34,37,59,41,39,26,36,36,44,52,36,16,39,43,24,32,39,49,35,67
217,"(25.5, 84.5)",23.936000000000003,29,39,33,18,37,22,32,42,36,26,38,37,57,43,35,27,41,36,50,53,32,17,39,43,24,30,39,46,33,62
218,"(25.5, 85.5)",24.08,29,37,33,14,34,24,33,41,35,24,41,37,56,41,31,29,46,32,51,53,35,17,40,43,23,34,41,45,34,61
219,"(25.5, 86.5)",24.586,26,31,21,6,33,23,35,41,31,39,35,32,58,43,27,39,50,48,55,48,30,22,39,40,25,36,44,47,33,59
220,"(25.5, 87.5)",25.106,22,23,10,4,27,17,33,37,28,39,36,26,57,42,24,47,50,51,57,45,31,28,40,45,32,42,47,56,44,56
221,"(25.5, 88.5)",24.85,23,24,9,2,31,16,32,32,28,37,43,24,55,39,19,45,54,52,57,47,32,28,41,42,32,44,50,58,45,54
222,"(25.5, 90.5)",23.24,36,25,16,11,47,22,42,63,35,46,41,24,55,40,15,36,30,37,49,49,31,18,41,40,29,31,49,55,34,48
223,"(25.5, 91.5)",23.11,36,28,20,15,52,41,45,80,37,32,48,27,61,38,12,41,29,38,44,48,33,18,39,35,26,25,38,45,29,34
224,"(25.5, 92.5)",23.08,36,29,19,20,54,46,45,81,38,31,50,26,63,37,14,41,29,39,36,46,32,18,38,37,25,21,38,42,29,34
225,"(25.5, 93.5)",22.906,35,34,20,20,57,50,46,84,40,30,51,26,62,33,9,43,28,40,37,49,34,18,39,40,24,21,39,41,28,18
226,"(25.5, 94.5)",24.316000000000003,40,36,19,20,56,54,50,82,41,30,54,26,59,35,9,43,27,39,37,48,33,18,41,39,20,16,34,41,29,20
227,"(26.5, 70.5)",25.776000000000003,37,59,27,21,40,29,35,36,21,34,38,28,57,31,30,23,23,35,45,37,52,34,38,51,22,37,36,50,39,51
228,"(26.5, 71.5)",25.476,34,60,25,19,39,33,36,35,25,28,37,31,59,29,30,21,19,34,46,36,50,31,40,51,24,38,40,49,43,54
229,"(26.5, 72.5)",25.2,35,60,24,18,40,33,35,34,21,29,38,31,62,27,31,21,18,34,46,37,53,30,40,48,23,38,40,50,44,54
230,"(26.5, 73.5)",25.38,32,59,22,16,38,34,35,34,18,29,39,29,64,30,34,22,21,34,45,36,56,28,38,48,23,39,40,50,45,56
231,"(26.5, 74.5)",24.59,32,57,22,13,37,34,33,29,19,30,38,31,70,33,38,24,22,35,47,36,53,27,38,43,22,41,41,47,44,58
232,"(26.5, 75.5)",23.89,32,52,20,13,36,28,34,30,20,30,37,30,70,31,48,41,23,34,48,36,52,22,32,41,22,42,41,45,45,60
233,"(26.5, 76.5)",23.476,34,50,24,12,37,25,34,29,26,30,35,32,69,36,41,34,31,38,46,39,48,16,34,39,30,35,41,43,44,64
234,"(26.5, 77.5)",23.466,30,50,26,14,35,23,33,29,26,29,37,34,67,41,41,24,30,39,48,39,52,19,39,41,31,31,39,44,41,64
235,"(26.5, 78.5)",23.46,37,46,29,14,37,17,30,27,21,25,33,34,62,36,43,28,40,40,46,46,50,18,42,39,23,32,43,48,45,64
236,"(26.5, 79.5)",23.55,36,46,30,13,34,17,30,29,24,25,34,32,61,37,46,27,36,35,46,48,48,19,40,39,23,32,46,50,43,65
237,"(26.5, 80.5)",23.55,37,43,33,10,38,20,31,30,23,29,35,31,60,36,41,27,37,38,49,51,44,21,37,37,24,33,42,50,43,65
238,"(26.5, 81.5)",23.726,26,36,31,15,38,22,31,33,25,24,35,31,62,37,40,30,35,40,48,52,42,19,40,36,27,34,45,50,46,66
239,"(26.5, 82.5)",23.99,25,34,27,22,37,22,31,35,32,26,33,35,56,38,40,30,39,37,46,52,42,20,38,42,25,32,41,50,37,66
240,"(26.5, 83.5)",23.836,31,37,27,21,38,20,33,35,34,24,33,33,55,40,37,31,36,35,48,52,41,21,42,45,23,33,42,48,38,63
241,"(26.5, 84.5)",23.816000000000003,30,38,28,14,37,22,32,40,37,23,37,37,55,37,37,33,42,35,50,53,34,19,39,45,25,32,42,46,34,63
242,"(26.5, 85.5)",23.79,26,34,23,6,37,24,32,38,32,34,35,28,59,42,32,44,51,47,54,52,28,20,36,42,22,34,42,48,33,60
243,"(26.5, 86.5)",24.06,22,29,11,3,34,17,34,39,32,40,36,27,57,43,26,40,52,48,60,51,31,24,40,42,27,35,45,54,38,58
244,"(26.5, 87.5)",21.476,27,29,9,3,35,18,32,36,28,39,37,25,58,43,23,52,47,44,60,50,28,25,41,40,27,33,51,56,41,59
245,"(26.5, 88.5)",21.56,27,26,8,4,34,22,32,43,29,39,36,25,54,38,17,50,44,49,61,47,27,26,37,46,31,38,49,57,41,54
246,"(26.5, 89.5)",21.8,33,25,6,8,41,28,33,50,34,46,42,23,54,36,15,45,35,41,63,47,29,26,41,39,28,31,49,54,37,53
247,"(26.5, 90.5)",21.6,37,25,6,13,52,26,37,53,36,46,44,29,57,35,18,52,34,43,50,49,31,22,40,38,30,26,45,48,33,39
248,"(26.5, 91.5)",22.75,35,26,11,18,54,36,44,74,41,48,48,28,58,34,14,36,31,42,48,44,28,20,41,36,25,24,41,45,31,34
249,"(26.5, 92.5)",22.9,37,34,18,21,55,45,46,79,38,31,52,25,62,37,9,42,25,39,38,46,35,18,38,36,25,21,37,40,27,36
250,"(26.5, 93.5)",24.47,38,35,17,20,59,53,48,79,42,26,53,25,64,34,11,40,25,38,38,47,33,23,40,38,23,19,37,42,27,18
251,"(26.5, 94.5)",23.82,40,33,18,18,62,59,49,86,43,29,54,23,58,37,7,40,27,39,41,47,32,23,38,38,19,17,31,40,26,17
252,"(26.5, 95.5)",23.82,41,33,18,18,62,60,51,86,44,28,54,23,55,35,7,41,27,38,41,49,35,23,37,40,21,12,28,36,29,22
253,"(27.5, 69.5)",25.666000000000004,34,59,28,21,41,31,35,35,21,29,38,29,54,33,31,25,24,35,45,35,49,32,38,54,26,35,37,52,40,50
254,"(27.5, 70.5)",25.396,34,59,23,20,40,33,36,34,23,29,35,29,58,32,34,21,24,33,49,36,50,33,39,51,24,37,36,51,42,51
255,"(27.5, 71.5)",25.01,33,56,20,19,40,32,35,33,21,28,38,31,59,32,33,22,23,33,49,36,52,33,39,50,23,36,40,49,44,54
256,"(27.5, 72.5)",25.176000000000002,32,55,20,19,39,32,36,31,19,30,38,31,58,34,36,26,24,32,51,36,53,31,39,48,21,39,40,49,45,52
257,"(27.5, 73.5)",24.26,31,54,19,16,39,32,35,32,20,30,37,27,61,39,36,26,22,33,52,36,53,32,39,45,20,38,41,46,46,54
258,"(27.5, 74.5)",23.97,27,54,18,14,39,31,36,32,20,27,38,27,66,39,38,28,24,32,52,36,58,31,39,42,18,39,43,49,43,55
259,"(27.5, 75.5)",22.97,29,48,16,7,40,28,36,32,24,24,39,27,68,48,38,34,25,33,51,39,55,27,37,40,19,36,44,50,42,59
260,"(27.5, 76.5)",22.37,34,45,16,11,40,28,35,31,24,26,36,30,64,46,40,35,31,35,48,42,52,22,35,39,23,35,43,45,44,59
261,"(27.5, 77.5)",22.38,40,43,17,11,39,22,34,32,24,25,37,29,63,37,40,30,30,41,49,45,53,21,38,40,20,35,44,46,45,64
262,"(27.5, 78.5)",22.86,36,43,22,10,39,20,32,28,23,24,36,29,61,41,44,30,40,42,51,49,47,19,43,38,21,33,43,47,42,62
263,"(27.5, 79.5)",22.66,36,43,23,13,42,24,32,29,23,19,32,28,61,40,38,33,41,41,53,51,44,17,37,36,20,33,43,48,46,66
264,"(27.5, 80.5)",23.146,35,40,28,11,42,24,32,31,24,21,30,30,57,37,39,34,41,40,53,51,43,19,35,39,25,33,43,49,44,66
265,"(27.5, 81.5)",23.466,28,36,27,11,40,24,33,31,28,22,36,31,58,38,38,31,40,40,52,52,44,19,41,34,22,34,41,52,46,67
266,"(27.5, 82.5)",23.716,27,36,27,14,38,23,33,34,28,25,32,30,59,40,37,34,41,38,49,52,45,20,37,41,24,34,45,49,39,65
267,"(27.5, 83.5)",23.78,29,34,26,22,39,22,33,36,30,21,32,31,60,41,36,35,38,37,48,52,39,19,38,44,23,32,44,52,39,63
268,"(27.5, 84.5)",23.69,26,35,26,11,37,22,32,31,34,33,34,32,60,37,38,44,44,38,50,52,32,18,39,47,23,33,45,46,34,61
269,"(27.5, 88.5)",21.39,30,23,8,4,39,25,32,45,30,41,43,25,54,38,14,49,44,43,61,48,31,24,37,43,28,33,50,59,40,54
270,"(27.5, 89.5)",21.43,31,24,5,9,47,28,32,46,34,45,47,23,54,39,12,48,40,41,62,52,31,23,37,38,25,26,48,55,37,55
271,"(27.5, 90.5)",21.756,38,27,7,14,51,31,36,53,34,53,51,24,55,37,12,53,37,42,54,47,33,24,36,37,26,23,44,46,33,38
272,"(27.5, 91.5)",22.75,36,27,7,14,55,38,42,71,39,46,50,26,59,33,8,53,35,41,46,43,29,26,38,35,21,23,44,42,30,33
273,"(27.5, 92.5)",23.53,39,30,16,20,58,49,47,81,38,29,52,27,59,36,11,41,30,39,40,44,35,27,36,38,24,16,35,37,27,31
274,"(27.5, 93.5)",24.02,41,33,16,18,61,56,50,82,43,27,55,24,56,43,9,38,27,35,41,46,32,23,38,38,20,16,34,40,26,25
275,"(27.5, 94.5)",24.03,41,33,18,18,62,58,50,86,44,27,52,22,55,36,7,41,28,36,42,49,35,24,37,40,21,12,28,36,28,23
276,"(27.5, 95.5)",24.0,41,32,18,18,62,62,52,85,44,27,52,22,55,35,7,41,28,37,42,48,36,24,37,40,21,12,28,36,28,24
277,"(28.5, 70.5)",24.67,33,58,19,18,39,32,35,33,22,30,36,29,56,37,34,26,24,32,49,36,53,32,39,51,23,37,40,47,42,52
278,"(28.5, 71.5)",24.2,32,54,20,15,39,34,36,34,20,29,37,28,57,36,35,28,24,32,49,36,52,32,41,49,21,40,40,47,43,52
279,"(28.5, 72.5)",23.676000000000002,29,52,18,16,39,33,36,32,23,27,37,25,57,37,37,31,24,31,53,36,54,34,41,48,19,39,41,51,44,52
280,"(28.5, 73.5)",23.446,30,52,17,15,40,34,35,32,26,26,39,26,59,39,37,32,23,32,53,37,53,29,38,47,20,37,42,47,43,56
281,"(28.5, 74.5)",22.516000000000002,27,46,15,11,39,30,37,33,27,26,41,26,62,49,41,35,25,32,52,36,52,28,36,44,18,38,42,50,42,56
282,"(28.5, 75.5)",22.38,28,50,17,12,40,29,36,34,26,25,41,28,66,51,41,35,26,34,49,38,47,26,36,42,21,34,40,46,40,57
283,"(28.5, 76.5)",22.036,31,43,16,9,41,28,36,35,25,24,41,30,62,50,41,34,29,36,50,42,47,25,37,41,22,33,41,45,44,58
284,"(28.5, 77.5)",21.78,30,40,15,8,42,23,34,35,26,23,39,28,65,47,41,33,32,40,50,47,44,21,40,42,17,32,41,49,46,63
285,"(28.5, 78.5)",21.93,37,39,16,9,43,26,32,36,26,18,39,28,62,44,41,34,39,41,55,48,44,19,37,38,17,31,38,46,45,64
286,"(28.5, 79.5)",21.15,36,39,20,7,43,24,31,35,26,23,32,31,60,45,39,35,40,42,54,51,43,16,32,36,17,32,43,51,46,66
287,"(28.5, 80.5)",21.64,34,32,22,7,39,26,32,31,23,22,33,30,62,40,38,35,41,43,53,51,44,18,36,41,19,33,44,50,47,66
288,"(28.5, 81.5)",21.99,27,33,24,9,43,24,33,30,26,22,31,29,58,39,38,38,41,37,56,52,44,21,36,38,21,34,42,53,49,67
289,"(28.5, 88.5)",21.276000000000003,29,24,9,4,39,28,30,45,31,44,42,25,54,37,14,52,45,44,60,51,31,23,36,40,26,32,50,57,39,55
290,"(28.5, 91.5)",23.22,37,31,7,20,59,31,42,58,38,47,53,26,58,34,10,55,35,45,49,43,31,25,38,36,23,21,44,43,30,25
291,"(28.5, 92.5)",23.97,38,30,12,19,57,48,44,75,37,43,51,23,53,37,9,51,31,40,48,42,29,26,36,36,19,21,45,39,28,25
292,"(28.5, 93.5)",24.04,41,33,17,19,62,58,51,82,45,27,55,25,57,33,10,40,28,39,43,47,32,24,37,38,18,15,35,39,28,17
293,"(28.5, 94.5)",24.02,41,32,16,20,62,61,53,85,43,27,55,23,49,36,6,40,30,38,43,52,35,24,37,38,21,12,28,34,27,25
294,"(28.5, 95.5)",23.81,40,29,18,18,59,53,53,80,43,27,50,24,50,37,24,36,38,45,41,58,35,23,36,38,17,12,28,34,28,21
295,"(29.5, 72.5)",22.47,26,48,15,18,41,32,36,32,25,24,38,21,52,43,38,34,29,36,54,38,53,30,38,48,20,33,45,50,43,55
296,"(29.5, 73.5)",21.76,24,48,14,13,41,30,36,31,26,25,38,20,55,52,42,35,28,34,54,41,45,29,36,45,21,37,41,51,44,55
297,"(29.5, 74.5)",21.526000000000003,24,48,12,15,41,29,36,33,27,25,39,23,51,56,40,38,28,34,52,41,43,28,39,43,19,35,44,52,43,58
298,"(29.5, 75.5)",21.29,26,47,14,15,41,30,36,34,28,24,41,24,61,55,39,34,26,35,52,41,42,29,43,42,17,34,39,45,40,61
299,"(29.5, 76.5)",21.07,29,43,17,13,42,27,36,35,29,26,40,25,63,54,44,34,24,37,51,43,41,27,46,41,17,32,36,42,40,60
300,"(29.5, 77.5)",20.07,32,42,17,10,44,28,35,36,28,25,40,25,58,55,42,38,26,35,52,45,42,23,44,37,15,31,34,49,41,65
301,"(29.5, 78.5)",18.51,29,40,15,8,47,27,35,40,29,27,36,24,59,53,41,39,32,38,57,47,45,20,40,37,12,30,30,48,40,67
302,"(29.5, 79.5)",18.55,30,38,16,7,48,26,33,37,28,25,33,27,61,52,41,39,34,40,55,51,44,16,36,37,12,28,39,47,45,69
303,"(29.5, 80.5)",20.13,38,36,19,7,43,26,34,34,26,25,34,30,62,46,39,37,39,36,51,52,42,19,34,39,14,29,40,50,45,68
304,"(30.5, 73.5)",20.37,24,40,14,19,46,27,37,34,27,27,37,22,47,54,42,35,27,37,54,40,46,29,44,45,17,35,38,53,39,57
305,"(30.5, 74.5)",20.49,27,41,18,21,46,28,37,32,28,29,38,22,51,51,41,35,26,34,52,40,46,30,45,41,16,33,38,50,39,56
306,"(30.5, 75.5)",20.45,26,45,18,21,45,29,35,32,29,29,37,26,55,51,41,36,27,35,51,40,46,26,38,42,16,33,35,49,40,60
307,"(30.5, 76.5)",19.41,29,46,20,17,49,26,36,34,26,24,39,26,56,53,38,39,25,37,50,40,44,24,37,40,15,33,34,50,39,66
308,"(30.5, 77.5)",18.27,30,44,20,16,47,31,37,34,28,26,39,26,58,54,41,40,26,36,50,42,42,25,36,36,14,29,30,53,39,66
309,"(30.5, 78.5)",16.946,34,40,16,14,50,30,38,35,30,26,35,25,57,55,42,41,26,38,53,48,40,21,38,34,13,27,30,51,39,70
310,"(30.5, 79.5)",17.316000000000003,33,39,18,12,51,30,38,36,29,24,34,24,59,53,43,38,31,39,53,46,40,19,40,35,12,27,34,49,40,70
311,"(30.5, 80.5)",18.606,33,39,19,10,49,29,35,36,29,26,35,27,59,52,40,37,30,39,52,48,42,17,33,35,13,30,38,51,44,69
312,"(31.5, 74.5)",20.31,29,55,17,26,49,29,43,34,31,32,40,25,54,42,41,31,26,31,51,36,43,32,36,44,16,25,30,48,38,58
313,"(31.5, 75.5)",19.63,31,44,18,25,52,30,42,32,31,27,38,26,54,42,41,31,26,34,53,38,45,28,36,42,17,30,32,50,38,60
314,"(31.5, 76.5)",17.4,29,44,18,23,51,29,43,33,30,27,38,26,56,48,39,31,24,36,53,41,43,27,39,39,14,26,31,51,39,66
315,"(31.5, 77.5)",16.686000000000003,32,43,20,19,52,29,39,33,31,29,38,26,57,45,39,37,26,36,53,42,44,21,39,39,12,27,31,49,39,69
316,"(31.5, 78.5)",16.38,32,41,20,16,52,30,38,34,30,25,39,26,58,50,38,41,26,38,52,39,40,21,38,36,13,27,34,52,40,69
317,"(31.5, 79.5)",15.66,33,42,19,14,51,32,38,37,32,24,34,24,59,51,40,42,27,38,53,41,43,21,38,34,11,26,32,50,40,68
318,"(32.5, 74.5)",14.81,30,60,31,34,43,31,48,36,33,36,40,28,52,43,38,23,16,30,43,34,48,32,30,43,12,21,31,47,38,63
319,"(32.5, 75.5)",16.29,33,63,24,29,44,30,48,34,33,36,40,27,56,41,39,25,14,33,42,36,47,32,29,44,13,21,32,45,39,64
320,"(32.5, 76.5)",15.219999999999999,32,59,22,29,49,30,47,35,33,35,41,26,54,39,38,28,20,33,46,36,45,31,29,44,11,18,33,45,40,67
321,"(32.5, 77.5)",13.666,31,51,20,24,52,32,47,34,36,34,38,26,62,39,38,33,22,34,48,37,44,24,32,39,11,24,29,47,39,69
322,"(32.5, 78.5)",13.83,31,46,19,21,52,32,44,35,34,37,40,26,65,37,38,39,19,34,48,40,44,22,33,36,13,24,28,49,40,69
323,"(32.5, 79.5)",13.13,34,44,18,15,54,35,43,35,34,30,39,26,60,38,36,44,24,39,53,37,39,20,34,35,13,23,31,51,40,70
324,"(33.5, 73.5)",13.13,32,60,31,33,43,30,49,37,33,34,43,30,51,38,37,24,15,30,44,34,50,33,29,44,12,19,31,47,37,62
325,"(33.5, 74.5)",12.76,32,62,31,32,42,32,49,35,33,37,41,25,52,41,40,25,13,29,42,35,48,32,27,44,12,19,32,49,37,64
326,"(33.5, 75.5)",11.136000000000003,33,62,29,31,42,31,49,35,34,36,41,25,54,40,40,28,12,33,41,35,48,32,27,44,12,19,32,48,38,65
327,"(33.5, 76.5)",12.106000000000002,33,61,29,32,42,29,49,34,34,33,41,27,57,43,40,27,13,34,42,38,47,31,27,44,12,17,32,45,39,64
328,"(33.5, 77.5)",11.7,34,62,29,31,43,30,49,36,34,35,43,27,53,39,35,28,13,34,42,37,47,32,27,44,12,18,33,45,40,63
329,"(33.5, 78.5)",11.54,33,63,29,29,46,34,50,34,36,36,43,26,54,40,36,34,9,37,38,38,44,26,27,43,12,18,33,49,37,61
330,"(33.5, 79.5)",12.856000000000002,33,60,24,22,50,35,52,34,37,37,45,27,56,40,38,38,13,35,41,41,47,26,30,36,11,13,31,47,34,63
331,"(34.5, 74.5)",10.756,31,62,31,32,41,32,53,37,33,36,54,41,46,34,61,23,11,28,42,34,46,32,27,43,12,14,26,45,36,53
332,"(34.5, 75.5)",10.862000000000002,33,61,29,31,41,31,51,37,34,37,42,30,55,37,37,28,12,32,41,34,49,32,27,44,13,19,31,48,39,61
333,"(34.5, 76.5)",10.086000000000002,33,61,31,33,41,32,51,38,35,35,40,26,55,41,37,29,12,31,43,35,52,30,27,42,12,18,31,46,37,62
334,"(34.5, 77.5)",9.736000000000002,32,62,30,31,43,31,51,38,34,36,42,27,53,41,37,30,12,33,41,37,47,31,27,43,12,17,30,46,39,63
335,"(34.5, 78.5)",9.8,32,62,29,30,42,33,51,37,34,36,42,27,51,41,37,30,11,37,41,35,50,31,27,42,12,14,28,48,38,66
